[194月2026 18:57:21.990] [main/INFO] [cpw.mods.modlauncher.Launcher/MODLAUNCHER]: ModLauncher running: args [--launchTarget, forgedatauserdev, --assetIndex, 5, --assetsDir, C:\Users\tungs\.gradle\caches\forge_gradle\assets, --gameDir, ., --fml.forgeVersion, 47.3.10, --fml.mcVersion, 1.20.1, --fml.forgeGroup, net.minecraftforge, --fml.mcpVersion, 20230612.114412, --mod, osmiumsmagic, --all, --output, C:\Users\tungs\Downloads\Osmium's_Magic-Iron's_Spellbooks_Addon_1.20.1\src\generated\resources, --existing, C:\Users\tungs\Downloads\Osmium's_Magic-Iron's_Spellbooks_Addon_1.20.1\src\main\resources]
[194月2026 18:57:21.990] [main/INFO] [cpw.mods.modlauncher.Launcher/MODLAUNCHER]: ModLauncher 10.0.9+10.0.9+main.dcd20f30 starting: java version 17.0.13 by Eclipse Adoptium; OS Windows 11 arch amd64 version 10.0
[194月2026 18:57:22.052] [main/DEBUG] [cpw.mods.modlauncher.LaunchServiceHandler/MODLAUNCHER]: Found launch services [fmlclientdev,forgeclient,minecraft,forgegametestserverdev,fmlserveruserdev,fmlclient,fmldatauserdev,forgeserverdev,forgeserveruserdev,forgeclientdev,forgeclientuserdev,forgeserver,forgedatadev,fmlserver,fmlclientuserdev,fmlserverdev,forgedatauserdev,testharness,forgegametestserveruserdev]
[194月2026 18:57:22.084] [main/DEBUG] [cpw.mods.modlauncher.NameMappingServiceHandler/MODLAUNCHER]: Found naming services : [srgtomcp]
[194月2026 18:57:22.097] [main/DEBUG] [cpw.mods.modlauncher.LaunchPluginHandler/MODLAUNCHER]: Found launch plugins: [mixin,eventbus,slf4jfixer,object_holder_definalize,runtime_enum_extender,capability_token_subclass,accesstransformer,runtimedistcleaner]
[194月2026 18:57:22.097] [main/DEBUG] [cpw.mods.modlauncher.TransformationServicesHandler/MODLAUNCHER]: Discovering transformation services
[194月2026 18:57:22.111] [main/DEBUG] [net.minecraftforge.fml.loading.FMLPaths/CORE]: Path GAMEDIR is C:\Users\tungs\Downloads\Osmium's_Magic-Iron's_Spellbooks_Addon_1.20.1\run-data
[194月2026 18:57:22.115] [main/DEBUG] [net.minecraftforge.fml.loading.FMLPaths/CORE]: Path MODSDIR is C:\Users\tungs\Downloads\Osmium's_Magic-Iron's_Spellbooks_Addon_1.20.1\run-data\mods
[194月2026 18:57:22.115] [main/DEBUG] [net.minecraftforge.fml.loading.FMLPaths/CORE]: Path CONFIGDIR is C:\Users\tungs\Downloads\Osmium's_Magic-Iron's_Spellbooks_Addon_1.20.1\run-data\config
[194月2026 18:57:22.115] [main/DEBUG] [net.minecraftforge.fml.loading.FMLPaths/CORE]: Path FMLCONFIG is C:\Users\tungs\Downloads\Osmium's_Magic-Iron's_Spellbooks_Addon_1.20.1\run-data\config\fml.toml
[194月2026 18:57:22.150] [main/DEBUG] [cpw.mods.modlauncher.TransformationServicesHandler/MODLAUNCHER]: Found additional transformation services from discovery services: 
[194月2026 18:57:22.150] [main/INFO] [net.minecraftforge.fml.loading.ImmediateWindowHandler/]: ImmediateWindowProvider not loading because launch target is forgedatauserdev
[194月2026 18:57:22.162] [main/DEBUG] [cpw.mods.modlauncher.TransformationServicesHandler/MODLAUNCHER]: Found transformer services : [mixin,fml]
[194月2026 18:57:22.162] [main/DEBUG] [cpw.mods.modlauncher.TransformationServicesHandler/MODLAUNCHER]: Transformation services loading
[194月2026 18:57:22.162] [main/DEBUG] [cpw.mods.modlauncher.TransformationServiceDecorator/MODLAUNCHER]: Loading service mixin
[194月2026 18:57:22.165] [main/DEBUG] [cpw.mods.modlauncher.TransformationServiceDecorator/MODLAUNCHER]: Loaded service mixin
[194月2026 18:57:22.165] [main/DEBUG] [cpw.mods.modlauncher.TransformationServiceDecorator/MODLAUNCHER]: Loading service fml
[194月2026 18:57:22.166] [main/DEBUG] [net.minecraftforge.fml.loading.LauncherVersion/CORE]: Found FMLLauncher version 1.0
[194月2026 18:57:22.167] [main/DEBUG] [net.minecraftforge.fml.loading.FMLLoader/CORE]: FML 1.0 loading
[194月2026 18:57:22.167] [main/DEBUG] [net.minecraftforge.fml.loading.FMLLoader/CORE]: FML found ModLauncher version : 10.0.9+10.0.9+main.dcd20f30
[194月2026 18:57:22.167] [main/DEBUG] [net.minecraftforge.fml.loading.FMLLoader/CORE]: FML found AccessTransformer version : 8.0.4+66+master.c09db6d7
[194月2026 18:57:22.167] [main/DEBUG] [net.minecraftforge.fml.loading.FMLLoader/CORE]: FML found EventBus version : 6.0.5+6.0.5+master.eb8e549b
[194月2026 18:57:22.167] [main/DEBUG] [net.minecraftforge.fml.loading.FMLLoader/CORE]: Found Runtime Dist Cleaner
[194月2026 18:57:22.170] [main/DEBUG] [net.minecraftforge.fml.loading.FMLLoader/CORE]: FML found CoreMod version : 5.1.6
[194月2026 18:57:22.170] [main/DEBUG] [net.minecraftforge.fml.loading.FMLLoader/CORE]: Found ForgeSPI package implementation version 7.0.1+7.0.1+master.d2b38bf6
[194月2026 18:57:22.170] [main/DEBUG] [net.minecraftforge.fml.loading.FMLLoader/CORE]: Found ForgeSPI package specification 5
[194月2026 18:57:22.170] [main/DEBUG] [cpw.mods.modlauncher.TransformationServiceDecorator/MODLAUNCHER]: Loaded service fml
[194月2026 18:57:22.170] [main/DEBUG] [cpw.mods.modlauncher.TransformationServicesHandler/MODLAUNCHER]: Configuring option handling for services
[194月2026 18:57:22.173] [main/DEBUG] [cpw.mods.modlauncher.TransformationServicesHandler/MODLAUNCHER]: Transformation services initializing
[194月2026 18:57:22.173] [main/DEBUG] [cpw.mods.modlauncher.TransformationServiceDecorator/MODLAUNCHER]: Initializing transformation service mixin
[194月2026 18:57:22.190] [main/DEBUG] [mixin/]: MixinService [ModLauncher] was successfully booted in cpw.mods.cl.ModuleClassLoader@30ee2816
[194月2026 18:57:22.203] [main/INFO] [mixin/]: SpongePowered MIXIN Subsystem Version=0.8.5 Source=union:/C:/Users/tungs/.gradle/caches/modules-2/files-2.1/org.spongepowered/mixin/0.8.5/9d1c0c3a304ae6697ecd477218fa61b850bf57fc/mixin-0.8.5.jar%23129!/ Service=ModLauncher Env=CLIENT
[194月2026 18:57:22.206] [main/DEBUG] [mixin/]: Initialising Mixin Platform Manager
[194月2026 18:57:22.207] [main/DEBUG] [mixin/]: Adding mixin platform agents for container ModLauncher Root Container(ModLauncher:4f56a0a2)
[194月2026 18:57:22.207] [main/DEBUG] [mixin/]: Instancing new MixinPlatformAgentMinecraftForge for ModLauncher Root Container(ModLauncher:4f56a0a2)
[194月2026 18:57:22.207] [main/DEBUG] [mixin/]: MixinPlatformAgentMinecraftForge rejected container ModLauncher Root Container(ModLauncher:4f56a0a2)
[194月2026 18:57:22.207] [main/DEBUG] [mixin/]: Instancing new MixinPlatformAgentDefault for ModLauncher Root Container(ModLauncher:4f56a0a2)
[194月2026 18:57:22.207] [main/DEBUG] [mixin/]: MixinPlatformAgentDefault accepted container ModLauncher Root Container(ModLauncher:4f56a0a2)
[194月2026 18:57:22.207] [main/DEBUG] [cpw.mods.modlauncher.TransformationServiceDecorator/MODLAUNCHER]: Initialized transformation service mixin
[194月2026 18:57:22.207] [main/DEBUG] [cpw.mods.modlauncher.TransformationServiceDecorator/MODLAUNCHER]: Initializing transformation service fml
[194月2026 18:57:22.207] [main/DEBUG] [net.minecraftforge.fml.loading.FMLServiceProvider/CORE]: Setting up basic FML game directories
[194月2026 18:57:22.207] [main/DEBUG] [net.minecraftforge.fml.loading.FMLPaths/CORE]: Path GAMEDIR is C:\Users\tungs\Downloads\Osmium's_Magic-Iron's_Spellbooks_Addon_1.20.1\run-data
[194月2026 18:57:22.207] [main/DEBUG] [net.minecraftforge.fml.loading.FMLPaths/CORE]: Path MODSDIR is C:\Users\tungs\Downloads\Osmium's_Magic-Iron's_Spellbooks_Addon_1.20.1\run-data\mods
[194月2026 18:57:22.207] [main/DEBUG] [net.minecraftforge.fml.loading.FMLPaths/CORE]: Path CONFIGDIR is C:\Users\tungs\Downloads\Osmium's_Magic-Iron's_Spellbooks_Addon_1.20.1\run-data\config
[194月2026 18:57:22.207] [main/DEBUG] [net.minecraftforge.fml.loading.FMLPaths/CORE]: Path FMLCONFIG is C:\Users\tungs\Downloads\Osmium's_Magic-Iron's_Spellbooks_Addon_1.20.1\run-data\config\fml.toml
[194月2026 18:57:22.207] [main/DEBUG] [net.minecraftforge.fml.loading.FMLServiceProvider/CORE]: Loading configuration
[194月2026 18:57:22.207] [main/DEBUG] [net.minecraftforge.fml.loading.FMLServiceProvider/CORE]: Preparing ModFile
[194月2026 18:57:22.217] [main/DEBUG] [net.minecraftforge.fml.loading.FMLServiceProvider/CORE]: Preparing launch handler
[194月2026 18:57:22.217] [main/DEBUG] [net.minecraftforge.fml.loading.FMLLoader/CORE]: Using forgedatauserdev as launch service
[194月2026 18:57:22.223] [main/DEBUG] [net.minecraftforge.fml.loading.FMLLoader/CORE]: Received command line version data  : VersionInfo[forgeVersion=47.3.10, mcVersion=1.20.1, mcpVersion=20230612.114412, forgeGroup=net.minecraftforge]
[194月2026 18:57:22.223] [main/DEBUG] [cpw.mods.modlauncher.TransformationServiceDecorator/MODLAUNCHER]: Initialized transformation service fml
[194月2026 18:57:22.223] [main/DEBUG] [cpw.mods.modlauncher.NameMappingServiceHandler/MODLAUNCHER]: Current naming domain is 'mcp'
[194月2026 18:57:22.223] [main/DEBUG] [cpw.mods.modlauncher.NameMappingServiceHandler/MODLAUNCHER]: Identified name mapping providers {srg=srgtomcp:1234}
[194月2026 18:57:22.223] [main/DEBUG] [cpw.mods.modlauncher.TransformationServicesHandler/MODLAUNCHER]: Transformation services begin scanning
[194月2026 18:57:22.223] [main/DEBUG] [cpw.mods.modlauncher.TransformationServiceDecorator/MODLAUNCHER]: Beginning scan trigger - transformation service mixin
[194月2026 18:57:22.223] [main/DEBUG] [cpw.mods.modlauncher.TransformationServiceDecorator/MODLAUNCHER]: End scan trigger - transformation service mixin
[194月2026 18:57:22.223] [main/DEBUG] [cpw.mods.modlauncher.TransformationServiceDecorator/MODLAUNCHER]: Beginning scan trigger - transformation service fml
[194月2026 18:57:22.223] [main/DEBUG] [net.minecraftforge.fml.loading.FMLServiceProvider/CORE]: Initiating mod scan
[194月2026 18:57:22.239] [main/DEBUG] [net.minecraftforge.fml.loading.moddiscovery.ModListHandler/CORE]: Found mod coordinates from lists: []
[194月2026 18:57:22.248] [main/DEBUG] [net.minecraftforge.fml.loading.moddiscovery.ModDiscoverer/CORE]: Found Mod Locators : (mods folder:null),(maven libs:null),(exploded directory:null),(minecraft:null),(userdev classpath:null)
[194月2026 18:57:22.248] [main/DEBUG] [net.minecraftforge.fml.loading.moddiscovery.ModDiscoverer/CORE]: Found Dependency Locators : (JarInJar:null)
[194月2026 18:57:22.256] [main/DEBUG] [net.minecraftforge.fml.loading.targets.CommonLaunchHandler/CORE]: Got mod coordinates osmiumsmagic%%C:\Users\tungs\Downloads\Osmium's_Magic-Iron's_Spellbooks_Addon_1.20.1\build\resources\main;osmiumsmagic%%C:\Users\tungs\Downloads\Osmium's_Magic-Iron's_Spellbooks_Addon_1.20.1\build\classes\java\main from env
[194月2026 18:57:22.256] [main/DEBUG] [net.minecraftforge.fml.loading.targets.CommonLaunchHandler/CORE]: Found supplied mod coordinates [{osmiumsmagic=[C:\Users\tungs\Downloads\Osmium's_Magic-Iron's_Spellbooks_Addon_1.20.1\build\resources\main, C:\Users\tungs\Downloads\Osmium's_Magic-Iron's_Spellbooks_Addon_1.20.1\build\classes\java\main]}]
[194月2026 18:57:22.509] [main/DEBUG] [net.minecraftforge.fml.loading.moddiscovery.ModFileInfo/LOADING]: Found valid mod file forge-1.20.1-47.3.10_mapped_official_1.20.1-recomp.jar with {minecraft} mods - versions {1.20.1}
[194月2026 18:57:22.514] [main/DEBUG] [net.minecraftforge.fml.loading.moddiscovery.ModFileParser/LOADING]: Considering mod file candidate C:\Users\tungs\.gradle\caches\modules-2\files-2.1\net.minecraftforge\javafmllanguage\1.20.1-47.3.10\7a15037366722893d76a3d0b2e9d1fd13a63a22d\javafmllanguage-1.20.1-47.3.10.jar
[194月2026 18:57:22.514] [main/WARN] [net.minecraftforge.fml.loading.moddiscovery.ModFileParser/LOADING]: Mod file C:\Users\tungs\.gradle\caches\modules-2\files-2.1\net.minecraftforge\javafmllanguage\1.20.1-47.3.10\7a15037366722893d76a3d0b2e9d1fd13a63a22d\javafmllanguage-1.20.1-47.3.10.jar is missing mods.toml file
[194月2026 18:57:22.517] [main/DEBUG] [net.minecraftforge.fml.loading.moddiscovery.ModFileParser/LOADING]: Considering mod file candidate C:\Users\tungs\.gradle\caches\modules-2\files-2.1\net.minecraftforge\lowcodelanguage\1.20.1-47.3.10\e67d9b3451d64ccc812cbbd33c066bd3ebbf2167\lowcodelanguage-1.20.1-47.3.10.jar
[194月2026 18:57:22.518] [main/WARN] [net.minecraftforge.fml.loading.moddiscovery.ModFileParser/LOADING]: Mod file C:\Users\tungs\.gradle\caches\modules-2\files-2.1\net.minecraftforge\lowcodelanguage\1.20.1-47.3.10\e67d9b3451d64ccc812cbbd33c066bd3ebbf2167\lowcodelanguage-1.20.1-47.3.10.jar is missing mods.toml file
[194月2026 18:57:22.521] [main/DEBUG] [net.minecraftforge.fml.loading.moddiscovery.ModFileParser/LOADING]: Considering mod file candidate C:\Users\tungs\.gradle\caches\modules-2\files-2.1\net.minecraftforge\mclanguage\1.20.1-47.3.10\2023f9726a509c5ba5a925cac934944066093de8\mclanguage-1.20.1-47.3.10.jar
[194月2026 18:57:22.521] [main/WARN] [net.minecraftforge.fml.loading.moddiscovery.ModFileParser/LOADING]: Mod file C:\Users\tungs\.gradle\caches\modules-2\files-2.1\net.minecraftforge\mclanguage\1.20.1-47.3.10\2023f9726a509c5ba5a925cac934944066093de8\mclanguage-1.20.1-47.3.10.jar is missing mods.toml file
[194月2026 18:57:22.525] [main/DEBUG] [net.minecraftforge.fml.loading.moddiscovery.ModFileParser/LOADING]: Considering mod file candidate C:\Users\tungs\.gradle\caches\modules-2\files-2.1\net.minecraftforge\fmlcore\1.20.1-47.3.10\523aa0cd9a773b2b56268d8689b2fb5c1f072941\fmlcore-1.20.1-47.3.10.jar
[194月2026 18:57:22.526] [main/WARN] [net.minecraftforge.fml.loading.moddiscovery.ModFileParser/LOADING]: Mod file C:\Users\tungs\.gradle\caches\modules-2\files-2.1\net.minecraftforge\fmlcore\1.20.1-47.3.10\523aa0cd9a773b2b56268d8689b2fb5c1f072941\fmlcore-1.20.1-47.3.10.jar is missing mods.toml file
[194月2026 18:57:22.530] [main/DEBUG] [net.minecraftforge.fml.loading.moddiscovery.ModFileParser/LOADING]: Considering mod file candidate C:\Users\tungs\Downloads\Osmium's_Magic-Iron's_Spellbooks_Addon_1.20.1\build\resources\main
[194月2026 18:57:22.540] [main/DEBUG] [net.minecraftforge.fml.loading.moddiscovery.ModFileInfo/LOADING]: Found valid mod file main with {osmiumsmagic} mods - versions {1.0.5}
[194月2026 18:57:22.542] [main/DEBUG] [net.minecraftforge.fml.loading.moddiscovery.ModFileParser/LOADING]: Considering mod file candidate /
[194月2026 18:57:22.544] [main/DEBUG] [net.minecraftforge.fml.loading.moddiscovery.ModFileInfo/LOADING]: Found valid mod file  with {forge} mods - versions {47.3.10}
[194月2026 18:57:22.569] [main/DEBUG] [net.minecraftforge.fml.loading.moddiscovery.ModFileParser/LOADING]: Considering mod file candidate C:\Users\tungs\.gradle\caches\modules-2\files-2.1\com.github.llamalad7.mixinextras\mixinextras-forge\0.2.0-beta.8\1b04da60dcc962de5093edf28303c9dd9daa1f56\mixinextras-forge-0.2.0-beta.8.jar
[194月2026 18:57:22.569] [main/DEBUG] [net.minecraftforge.fml.loading.moddiscovery.ModFileInfo/LOADING]: Found valid mod file mixinextras-forge-0.2.0-beta.8.jar with {mixinextras} mods - versions {0.2.0-beta.8}
[194月2026 18:57:22.574] [main/DEBUG] [net.minecraftforge.fml.loading.moddiscovery.ModFileParser/LOADING]: Considering mod file candidate C:\Users\tungs\.gradle\caches\forge_gradle\deobf_dependencies\io\redspace\ironsspellbooks\irons_spellbooks\1.20.1-3.4.0.9_mapped_official_1.20.1\irons_spellbooks-1.20.1-3.4.0.9_mapped_official_1.20.1.jar
[194月2026 18:57:22.576] [main/DEBUG] [net.minecraftforge.fml.loading.moddiscovery.ModFileInfo/LOADING]: Found valid mod file irons_spellbooks-1.20.1-3.4.0.9_mapped_official_1.20.1.jar with {irons_spellbooks} mods - versions {1.20.1-3.4.0.9}
[194月2026 18:57:22.578] [main/DEBUG] [net.minecraftforge.fml.loading.moddiscovery.ModFileParser/LOADING]: Considering mod file candidate C:\Users\tungs\.gradle\caches\forge_gradle\deobf_dependencies\software\bernie\geckolib\geckolib-forge-1.20.1\4.7.4_mapped_official_1.20.1\geckolib-forge-1.20.1-4.7.4_mapped_official_1.20.1.jar
[194月2026 18:57:22.578] [main/DEBUG] [net.minecraftforge.fml.loading.moddiscovery.ModFileInfo/LOADING]: Found valid mod file geckolib-forge-1.20.1-4.7.4_mapped_official_1.20.1.jar with {geckolib} mods - versions {4.7.4}
[194月2026 18:57:22.578] [main/DEBUG] [net.minecraftforge.fml.loading.moddiscovery.ModFileParser/LOADING]: Considering mod file candidate C:\Users\tungs\.gradle\caches\forge_gradle\deobf_dependencies\top\theillusivec4\curios\curios-forge\5.14.1+1.20.1_mapped_official_1.20.1\curios-forge-5.14.1+1.20.1_mapped_official_1.20.1.jar
[194月2026 18:57:22.588] [main/DEBUG] [net.minecraftforge.fml.loading.moddiscovery.ModFileInfo/LOADING]: Found valid mod file curios-forge-5.14.1+1.20.1_mapped_official_1.20.1.jar with {curios} mods - versions {5.14.1+1.20.1}
[194月2026 18:57:22.593] [main/DEBUG] [net.minecraftforge.fml.loading.moddiscovery.ModFileParser/LOADING]: Considering mod file candidate C:\Users\tungs\.gradle\caches\forge_gradle\deobf_dependencies\dev\kosmx\player-anim\player-animation-lib-forge\1.0.2-rc1+1.20_mapped_official_1.20.1\player-animation-lib-forge-1.0.2-rc1+1.20_mapped_official_1.20.1.jar
[194月2026 18:57:22.593] [main/DEBUG] [net.minecraftforge.fml.loading.moddiscovery.ModFileInfo/LOADING]: Found valid mod file player-animation-lib-forge-1.0.2-rc1+1.20_mapped_official_1.20.1.jar with {playeranimator} mods - versions {1.0.2-rc1+1.20}
[194月2026 18:57:22.593] [main/DEBUG] [net.minecraftforge.fml.loading.moddiscovery.ModFileParser/LOADING]: Considering mod file candidate C:\Users\tungs\.gradle\caches\forge_gradle\deobf_dependencies\dev\xkmc\l2library\l2library\2.4.23-slim_mapped_official_1.20.1\l2library-2.4.23-slim_mapped_official_1.20.1.jar
[194月2026 18:57:22.593] [main/DEBUG] [net.minecraftforge.fml.loading.moddiscovery.ModFileInfo/LOADING]: Found valid mod file l2library-2.4.23-slim_mapped_official_1.20.1.jar with {l2library} mods - versions {2.4.23}
[194月2026 18:57:22.593] [main/DEBUG] [net.minecraftforge.fml.loading.moddiscovery.ModFileParser/LOADING]: Considering mod file candidate C:\Users\tungs\.gradle\caches\forge_gradle\deobf_dependencies\dev\xkmc\l2tabs\l2tabs\0.2.6_mapped_official_1.20.1\l2tabs-0.2.6_mapped_official_1.20.1.jar
[194月2026 18:57:22.593] [main/DEBUG] [net.minecraftforge.fml.loading.moddiscovery.ModFileInfo/LOADING]: Found valid mod file l2tabs-0.2.6_mapped_official_1.20.1.jar with {l2tabs} mods - versions {0.2.6}
[194月2026 18:57:22.604] [main/DEBUG] [net.minecraftforge.fml.loading.moddiscovery.ModFileParser/LOADING]: Considering mod file candidate C:\Users\tungs\.gradle\caches\forge_gradle\deobf_dependencies\dev\xkmc\l2screentracker\l2screentracker\0.1.3_mapped_official_1.20.1\l2screentracker-0.1.3_mapped_official_1.20.1.jar
[194月2026 18:57:22.604] [main/DEBUG] [net.minecraftforge.fml.loading.moddiscovery.ModFileInfo/LOADING]: Found valid mod file l2screentracker-0.1.3_mapped_official_1.20.1.jar with {l2screentracker} mods - versions {0.1.3}
[194月2026 18:57:22.604] [main/DEBUG] [net.minecraftforge.fml.loading.moddiscovery.ModFileParser/LOADING]: Considering mod file candidate C:\Users\tungs\.gradle\caches\forge_gradle\deobf_dependencies\dev\xkmc\l2itemselector\l2itemselector\0.1.7_mapped_official_1.20.1\l2itemselector-0.1.7_mapped_official_1.20.1.jar
[194月2026 18:57:22.610] [main/DEBUG] [net.minecraftforge.fml.loading.moddiscovery.ModFileInfo/LOADING]: Found valid mod file l2itemselector-0.1.7_mapped_official_1.20.1.jar with {l2itemselector} mods - versions {0.1.7}
[194月2026 18:57:22.613] [main/DEBUG] [net.minecraftforge.fml.loading.moddiscovery.ModFileParser/LOADING]: Considering mod file candidate C:\Users\tungs\.gradle\caches\forge_gradle\deobf_dependencies\dev\xkmc\l2damagetracker\l2damagetracker\0.1.6_mapped_official_1.20.1\l2damagetracker-0.1.6_mapped_official_1.20.1.jar
[194月2026 18:57:22.613] [main/DEBUG] [net.minecraftforge.fml.loading.moddiscovery.ModFileInfo/LOADING]: Found valid mod file l2damagetracker-0.1.6_mapped_official_1.20.1.jar with {l2damagetracker} mods - versions {0.1.6}
[194月2026 18:57:22.620] [main/DEBUG] [net.minecraftforge.fml.loading.moddiscovery.ModFileParser/LOADING]: Considering mod file candidate C:\Users\tungs\.gradle\caches\forge_gradle\deobf_dependencies\dev\xkmc\l2complements\l2complements\2.4.29-slim_mapped_official_1.20.1\l2complements-2.4.29-slim_mapped_official_1.20.1.jar
[194月2026 18:57:22.621] [main/DEBUG] [net.minecraftforge.fml.loading.moddiscovery.ModFileInfo/LOADING]: Found valid mod file l2complements-2.4.29-slim_mapped_official_1.20.1.jar with {l2complements} mods - versions {2.4.29}
[194月2026 18:57:22.625] [main/DEBUG] [net.minecraftforge.fml.loading.moddiscovery.ModFileParser/LOADING]: Considering mod file candidate C:\Users\tungs\.gradle\caches\forge_gradle\deobf_dependencies\top\theillusivec4\caelus\caelus-forge\3.2.0+1.20.1_mapped_official_1.20.1\caelus-forge-3.2.0+1.20.1_mapped_official_1.20.1.jar
[194月2026 18:57:22.625] [main/DEBUG] [net.minecraftforge.fml.loading.moddiscovery.ModFileInfo/LOADING]: Found valid mod file caelus-forge-3.2.0+1.20.1_mapped_official_1.20.1.jar with {caelus} mods - versions {3.2.0+1.20.1}
[194月2026 18:57:22.630] [main/DEBUG] [net.minecraftforge.fml.loading.moddiscovery.ModFileParser/LOADING]: Considering mod file candidate C:\Users\tungs\.gradle\caches\forge_gradle\deobf_dependencies\mezz\jei\jei-1.20.1-forge\15.20.0.116_mapped_official_1.20.1\jei-1.20.1-forge-15.20.0.116_mapped_official_1.20.1.jar
[194月2026 18:57:22.630] [main/DEBUG] [net.minecraftforge.fml.loading.moddiscovery.ModFileInfo/LOADING]: Found valid mod file jei-1.20.1-forge-15.20.0.116_mapped_official_1.20.1.jar with {jei} mods - versions {15.20.0.116}
[194月2026 18:57:22.630] [main/DEBUG] [net.minecraftforge.fml.loading.moddiscovery.ModFileParser/LOADING]: Considering mod file candidate C:\Users\tungs\.gradle\caches\modules-2\files-2.1\com.github.llamalad7.mixinextras\mixinextras-forge\0.2.0-beta.8\1b04da60dcc962de5093edf28303c9dd9daa1f56\mixinextras-forge-0.2.0-beta.8.jar
[194月2026 18:57:22.636] [main/DEBUG] [net.minecraftforge.fml.loading.moddiscovery.ModFileInfo/LOADING]: Found valid mod file mixinextras-forge-0.2.0-beta.8.jar with {mixinextras} mods - versions {0.2.0-beta.8}
[194月2026 18:57:22.653] [main/DEBUG] [net.minecraftforge.fml.loading.moddiscovery.ModFileParser/LOADING]: Considering mod file candidate C:\Users\tungs\.gradle\caches\forge_gradle\deobf_dependencies\io\redspace\ironsspellbooks\irons_spellbooks\1.20.1-3.4.0.9_mapped_official_1.20.1\irons_spellbooks-1.20.1-3.4.0.9_mapped_official_1.20.1.jar
[194月2026 18:57:22.655] [main/DEBUG] [net.minecraftforge.fml.loading.moddiscovery.ModFileInfo/LOADING]: Found valid mod file irons_spellbooks-1.20.1-3.4.0.9_mapped_official_1.20.1.jar with {irons_spellbooks} mods - versions {1.20.1-3.4.0.9}
[194月2026 18:57:22.658] [main/DEBUG] [net.minecraftforge.fml.loading.moddiscovery.ModFileParser/LOADING]: Considering mod file candidate C:\Users\tungs\.gradle\caches\forge_gradle\deobf_dependencies\software\bernie\geckolib\geckolib-forge-1.20.1\4.7.4_mapped_official_1.20.1\geckolib-forge-1.20.1-4.7.4_mapped_official_1.20.1.jar
[194月2026 18:57:22.658] [main/DEBUG] [net.minecraftforge.fml.loading.moddiscovery.ModFileInfo/LOADING]: Found valid mod file geckolib-forge-1.20.1-4.7.4_mapped_official_1.20.1.jar with {geckolib} mods - versions {4.7.4}
[194月2026 18:57:22.663] [main/DEBUG] [net.minecraftforge.fml.loading.moddiscovery.ModFileParser/LOADING]: Considering mod file candidate C:\Users\tungs\.gradle\caches\forge_gradle\deobf_dependencies\top\theillusivec4\curios\curios-forge\5.14.1+1.20.1_mapped_official_1.20.1\curios-forge-5.14.1+1.20.1_mapped_official_1.20.1.jar
[194月2026 18:57:22.663] [main/DEBUG] [net.minecraftforge.fml.loading.moddiscovery.ModFileInfo/LOADING]: Found valid mod file curios-forge-5.14.1+1.20.1_mapped_official_1.20.1.jar with {curios} mods - versions {5.14.1+1.20.1}
[194月2026 18:57:22.663] [main/DEBUG] [net.minecraftforge.fml.loading.moddiscovery.ModFileParser/LOADING]: Considering mod file candidate C:\Users\tungs\.gradle\caches\forge_gradle\deobf_dependencies\dev\kosmx\player-anim\player-animation-lib-forge\1.0.2-rc1+1.20_mapped_official_1.20.1\player-animation-lib-forge-1.0.2-rc1+1.20_mapped_official_1.20.1.jar
[194月2026 18:57:22.663] [main/DEBUG] [net.minecraftforge.fml.loading.moddiscovery.ModFileInfo/LOADING]: Found valid mod file player-animation-lib-forge-1.0.2-rc1+1.20_mapped_official_1.20.1.jar with {playeranimator} mods - versions {1.0.2-rc1+1.20}
[194月2026 18:57:22.663] [main/DEBUG] [net.minecraftforge.fml.loading.moddiscovery.ModFileParser/LOADING]: Considering mod file candidate C:\Users\tungs\.gradle\caches\forge_gradle\deobf_dependencies\dev\xkmc\l2library\l2library\2.4.23-slim_mapped_official_1.20.1\l2library-2.4.23-slim_mapped_official_1.20.1.jar
[194月2026 18:57:22.663] [main/DEBUG] [net.minecraftforge.fml.loading.moddiscovery.ModFileInfo/LOADING]: Found valid mod file l2library-2.4.23-slim_mapped_official_1.20.1.jar with {l2library} mods - versions {2.4.23}
[194月2026 18:57:22.676] [main/DEBUG] [net.minecraftforge.fml.loading.moddiscovery.ModFileParser/LOADING]: Considering mod file candidate C:\Users\tungs\.gradle\caches\forge_gradle\deobf_dependencies\dev\xkmc\l2tabs\l2tabs\0.2.6_mapped_official_1.20.1\l2tabs-0.2.6_mapped_official_1.20.1.jar
[194月2026 18:57:22.676] [main/DEBUG] [net.minecraftforge.fml.loading.moddiscovery.ModFileInfo/LOADING]: Found valid mod file l2tabs-0.2.6_mapped_official_1.20.1.jar with {l2tabs} mods - versions {0.2.6}
[194月2026 18:57:22.676] [main/DEBUG] [net.minecraftforge.fml.loading.moddiscovery.ModFileParser/LOADING]: Considering mod file candidate C:\Users\tungs\.gradle\caches\forge_gradle\deobf_dependencies\dev\xkmc\l2screentracker\l2screentracker\0.1.3_mapped_official_1.20.1\l2screentracker-0.1.3_mapped_official_1.20.1.jar
[194月2026 18:57:22.686] [main/DEBUG] [net.minecraftforge.fml.loading.moddiscovery.ModFileInfo/LOADING]: Found valid mod file l2screentracker-0.1.3_mapped_official_1.20.1.jar with {l2screentracker} mods - versions {0.1.3}
[194月2026 18:57:22.688] [main/DEBUG] [net.minecraftforge.fml.loading.moddiscovery.ModFileParser/LOADING]: Considering mod file candidate C:\Users\tungs\.gradle\caches\forge_gradle\deobf_dependencies\dev\xkmc\l2itemselector\l2itemselector\0.1.7_mapped_official_1.20.1\l2itemselector-0.1.7_mapped_official_1.20.1.jar
[194月2026 18:57:22.688] [main/DEBUG] [net.minecraftforge.fml.loading.moddiscovery.ModFileInfo/LOADING]: Found valid mod file l2itemselector-0.1.7_mapped_official_1.20.1.jar with {l2itemselector} mods - versions {0.1.7}
[194月2026 18:57:22.692] [main/DEBUG] [net.minecraftforge.fml.loading.moddiscovery.ModFileParser/LOADING]: Considering mod file candidate C:\Users\tungs\.gradle\caches\forge_gradle\deobf_dependencies\dev\xkmc\l2damagetracker\l2damagetracker\0.1.6_mapped_official_1.20.1\l2damagetracker-0.1.6_mapped_official_1.20.1.jar
[194月2026 18:57:22.692] [main/DEBUG] [net.minecraftforge.fml.loading.moddiscovery.ModFileInfo/LOADING]: Found valid mod file l2damagetracker-0.1.6_mapped_official_1.20.1.jar with {l2damagetracker} mods - versions {0.1.6}
[194月2026 18:57:22.692] [main/DEBUG] [net.minecraftforge.fml.loading.moddiscovery.ModFileParser/LOADING]: Considering mod file candidate C:\Users\tungs\.gradle\caches\forge_gradle\deobf_dependencies\dev\xkmc\l2complements\l2complements\2.4.29-slim_mapped_official_1.20.1\l2complements-2.4.29-slim_mapped_official_1.20.1.jar
[194月2026 18:57:22.692] [main/DEBUG] [net.minecraftforge.fml.loading.moddiscovery.ModFileInfo/LOADING]: Found valid mod file l2complements-2.4.29-slim_mapped_official_1.20.1.jar with {l2complements} mods - versions {2.4.29}
[194月2026 18:57:22.699] [main/DEBUG] [net.minecraftforge.fml.loading.moddiscovery.ModFileParser/LOADING]: Considering mod file candidate C:\Users\tungs\.gradle\caches\forge_gradle\deobf_dependencies\top\theillusivec4\caelus\caelus-forge\3.2.0+1.20.1_mapped_official_1.20.1\caelus-forge-3.2.0+1.20.1_mapped_official_1.20.1.jar
[194月2026 18:57:22.699] [main/DEBUG] [net.minecraftforge.fml.loading.moddiscovery.ModFileInfo/LOADING]: Found valid mod file caelus-forge-3.2.0+1.20.1_mapped_official_1.20.1.jar with {caelus} mods - versions {3.2.0+1.20.1}
[194月2026 18:57:22.705] [main/DEBUG] [net.minecraftforge.fml.loading.moddiscovery.ModFileParser/LOADING]: Considering mod file candidate C:\Users\tungs\.gradle\caches\forge_gradle\deobf_dependencies\mezz\jei\jei-1.20.1-forge\15.20.0.116_mapped_official_1.20.1\jei-1.20.1-forge-15.20.0.116_mapped_official_1.20.1.jar
[194月2026 18:57:22.705] [main/DEBUG] [net.minecraftforge.fml.loading.moddiscovery.ModFileInfo/LOADING]: Found valid mod file jei-1.20.1-forge-15.20.0.116_mapped_official_1.20.1.jar with {jei} mods - versions {15.20.0.116}
[194月2026 18:57:22.711] [main/DEBUG] [net.minecraftforge.fml.loading.UniqueModListBuilder/]: Found 2 mods for first modid irons_spellbooks, selecting most recent based on version data
[194月2026 18:57:22.711] [main/DEBUG] [net.minecraftforge.fml.loading.UniqueModListBuilder/]: Selected file irons_spellbooks-1.20.1-3.4.0.9_mapped_official_1.20.1.jar for modid irons_spellbooks with version 1.20.1-3.4.0.9
[194月2026 18:57:22.714] [main/DEBUG] [net.minecraftforge.fml.loading.UniqueModListBuilder/]: Found 2 mods for first modid l2screentracker, selecting most recent based on version data
[194月2026 18:57:22.714] [main/DEBUG] [net.minecraftforge.fml.loading.UniqueModListBuilder/]: Selected file l2screentracker-0.1.3_mapped_official_1.20.1.jar for modid l2screentracker with version 0.1.3
[194月2026 18:57:22.714] [main/DEBUG] [net.minecraftforge.fml.loading.UniqueModListBuilder/]: Found 2 mods for first modid mixinextras, selecting most recent based on version data
[194月2026 18:57:22.714] [main/DEBUG] [net.minecraftforge.fml.loading.UniqueModListBuilder/]: Selected file mixinextras-forge-0.2.0-beta.8.jar for modid mixinextras with version 0.2.0-beta.8
[194月2026 18:57:22.714] [main/DEBUG] [net.minecraftforge.fml.loading.UniqueModListBuilder/]: Found 2 mods for first modid l2tabs, selecting most recent based on version data
[194月2026 18:57:22.714] [main/DEBUG] [net.minecraftforge.fml.loading.UniqueModListBuilder/]: Selected file l2tabs-0.2.6_mapped_official_1.20.1.jar for modid l2tabs with version 0.2.6
[194月2026 18:57:22.714] [main/DEBUG] [net.minecraftforge.fml.loading.UniqueModListBuilder/]: Found 2 mods for first modid geckolib, selecting most recent based on version data
[194月2026 18:57:22.714] [main/DEBUG] [net.minecraftforge.fml.loading.UniqueModListBuilder/]: Selected file geckolib-forge-1.20.1-4.7.4_mapped_official_1.20.1.jar for modid geckolib with version 4.7.4
[194月2026 18:57:22.714] [main/DEBUG] [net.minecraftforge.fml.loading.UniqueModListBuilder/]: Found 2 mods for first modid playeranimator, selecting most recent based on version data
[194月2026 18:57:22.714] [main/DEBUG] [net.minecraftforge.fml.loading.UniqueModListBuilder/]: Selected file player-animation-lib-forge-1.0.2-rc1+1.20_mapped_official_1.20.1.jar for modid playeranimator with version 1.0.2-rc1+1.20
[194月2026 18:57:22.714] [main/DEBUG] [net.minecraftforge.fml.loading.UniqueModListBuilder/]: Found 2 mods for first modid jei, selecting most recent based on version data
[194月2026 18:57:22.714] [main/DEBUG] [net.minecraftforge.fml.loading.UniqueModListBuilder/]: Selected file jei-1.20.1-forge-15.20.0.116_mapped_official_1.20.1.jar for modid jei with version 15.20.0.116
[194月2026 18:57:22.714] [main/DEBUG] [net.minecraftforge.fml.loading.UniqueModListBuilder/]: Found 2 mods for first modid l2itemselector, selecting most recent based on version data
[194月2026 18:57:22.714] [main/DEBUG] [net.minecraftforge.fml.loading.UniqueModListBuilder/]: Selected file l2itemselector-0.1.7_mapped_official_1.20.1.jar for modid l2itemselector with version 0.1.7
[194月2026 18:57:22.714] [main/DEBUG] [net.minecraftforge.fml.loading.UniqueModListBuilder/]: Found 2 mods for first modid l2complements, selecting most recent based on version data
[194月2026 18:57:22.714] [main/DEBUG] [net.minecraftforge.fml.loading.UniqueModListBuilder/]: Selected file l2complements-2.4.29-slim_mapped_official_1.20.1.jar for modid l2complements with version 2.4.29
[194月2026 18:57:22.714] [main/DEBUG] [net.minecraftforge.fml.loading.UniqueModListBuilder/]: Found 2 mods for first modid l2library, selecting most recent based on version data
[194月2026 18:57:22.714] [main/DEBUG] [net.minecraftforge.fml.loading.UniqueModListBuilder/]: Selected file l2library-2.4.23-slim_mapped_official_1.20.1.jar for modid l2library with version 2.4.23
[194月2026 18:57:22.714] [main/DEBUG] [net.minecraftforge.fml.loading.UniqueModListBuilder/]: Found 2 mods for first modid caelus, selecting most recent based on version data
[194月2026 18:57:22.714] [main/DEBUG] [net.minecraftforge.fml.loading.UniqueModListBuilder/]: Selected file caelus-forge-3.2.0+1.20.1_mapped_official_1.20.1.jar for modid caelus with version 3.2.0+1.20.1
[194月2026 18:57:22.714] [main/DEBUG] [net.minecraftforge.fml.loading.UniqueModListBuilder/]: Found 2 mods for first modid l2damagetracker, selecting most recent based on version data
[194月2026 18:57:22.714] [main/DEBUG] [net.minecraftforge.fml.loading.UniqueModListBuilder/]: Selected file l2damagetracker-0.1.6_mapped_official_1.20.1.jar for modid l2damagetracker with version 0.1.6
[194月2026 18:57:22.714] [main/DEBUG] [net.minecraftforge.fml.loading.UniqueModListBuilder/]: Found 2 mods for first modid curios, selecting most recent based on version data
[194月2026 18:57:22.714] [main/DEBUG] [net.minecraftforge.fml.loading.UniqueModListBuilder/]: Selected file curios-forge-5.14.1+1.20.1_mapped_official_1.20.1.jar for modid curios with version 5.14.1+1.20.1
[194月2026 18:57:22.721] [main/DEBUG] [net.minecraftforge.fml.loading.moddiscovery.AbstractJarFileDependencyLocator/]: Failed to load resource META-INF\jarjar\metadata.json from irons_spellbooks-1.20.1-3.4.0.9_mapped_official_1.20.1.jar, it does not contain dependency information.
[194月2026 18:57:22.721] [main/DEBUG] [net.minecraftforge.fml.loading.moddiscovery.AbstractJarFileDependencyLocator/]: Failed to load resource META-INF\jarjar\metadata.json from forge-1.20.1-47.3.10_mapped_official_1.20.1-recomp.jar, it does not contain dependency information.
[194月2026 18:57:22.721] [main/DEBUG] [net.minecraftforge.fml.loading.moddiscovery.AbstractJarFileDependencyLocator/]: Failed to load resource META-INF\jarjar\metadata.json from l2serial-1.2.2_mapped_official_1.20.1.jar, it does not contain dependency information.
[194月2026 18:57:22.721] [main/DEBUG] [net.minecraftforge.fml.loading.moddiscovery.AbstractJarFileDependencyLocator/]: Failed to load resource META-INF\jarjar\metadata.json from l2screentracker-0.1.3_mapped_official_1.20.1.jar, it does not contain dependency information.
[194月2026 18:57:22.721] [main/DEBUG] [net.minecraftforge.fml.loading.moddiscovery.AbstractJarFileDependencyLocator/]: Failed to load resource META-INF\jarjar\metadata.json from l2tabs-0.2.6_mapped_official_1.20.1.jar, it does not contain dependency information.
[194月2026 18:57:22.724] [main/DEBUG] [net.minecraftforge.fml.loading.moddiscovery.AbstractJarFileDependencyLocator/]: Failed to load resource META-INF\jarjar\metadata.json from main, it does not contain dependency information.
[194月2026 18:57:22.724] [main/DEBUG] [net.minecraftforge.fml.loading.moddiscovery.AbstractJarFileDependencyLocator/]: Failed to load resource META-INF\jarjar\metadata.json from player-animation-lib-forge-1.0.2-rc1+1.20_mapped_official_1.20.1.jar, it does not contain dependency information.
[194月2026 18:57:22.724] [main/DEBUG] [net.minecraftforge.fml.loading.moddiscovery.AbstractJarFileDependencyLocator/]: Failed to load resource META-INF\jarjar\metadata.json from jei-1.20.1-forge-15.20.0.116_mapped_official_1.20.1.jar, it does not contain dependency information.
[194月2026 18:57:22.724] [main/DEBUG] [net.minecraftforge.fml.loading.moddiscovery.AbstractJarFileDependencyLocator/]: Failed to load resource META-INF\jarjar\metadata.json from l2itemselector-0.1.7_mapped_official_1.20.1.jar, it does not contain dependency information.
[194月2026 18:57:22.724] [main/DEBUG] [net.minecraftforge.fml.loading.moddiscovery.AbstractJarFileDependencyLocator/]: Failed to load resource META-INF\jarjar\metadata.json from Registrate-MC1.20-1.3.11_mapped_official_1.20.1.jar, it does not contain dependency information.
[194月2026 18:57:22.724] [main/DEBUG] [net.minecraftforge.fml.loading.moddiscovery.AbstractJarFileDependencyLocator/]: Failed to load resource META-INF\jarjar\metadata.json from l2complements-2.4.29-slim_mapped_official_1.20.1.jar, it does not contain dependency information.
[194月2026 18:57:22.724] [main/DEBUG] [net.minecraftforge.fml.loading.moddiscovery.AbstractJarFileDependencyLocator/]: Failed to load resource META-INF\jarjar\metadata.json from l2library-2.4.23-slim_mapped_official_1.20.1.jar, it does not contain dependency information.
[194月2026 18:57:22.724] [main/DEBUG] [net.minecraftforge.fml.loading.moddiscovery.AbstractJarFileDependencyLocator/]: Failed to load resource META-INF\jarjar\metadata.json from caelus-forge-3.2.0+1.20.1_mapped_official_1.20.1.jar, it does not contain dependency information.
[194月2026 18:57:22.725] [main/DEBUG] [net.minecraftforge.fml.loading.moddiscovery.AbstractJarFileDependencyLocator/]: Failed to load resource META-INF\jarjar\metadata.json from , it does not contain dependency information.
[194月2026 18:57:22.725] [main/DEBUG] [net.minecraftforge.fml.loading.moddiscovery.AbstractJarFileDependencyLocator/]: Failed to load resource META-INF\jarjar\metadata.json from l2damagetracker-0.1.6_mapped_official_1.20.1.jar, it does not contain dependency information.
[194月2026 18:57:22.725] [main/DEBUG] [net.minecraftforge.fml.loading.moddiscovery.AbstractJarFileDependencyLocator/]: Failed to load resource META-INF\jarjar\metadata.json from curios-forge-5.14.1+1.20.1_mapped_official_1.20.1.jar, it does not contain dependency information.
[194月2026 18:57:22.725] [main/DEBUG] [net.minecraftforge.fml.loading.moddiscovery.AbstractJarFileDependencyLocator/]: Failed to load resource META-INF\jarjar\metadata.json from mclanguage-1.20.1-47.3.10.jar, it does not contain dependency information.
[194月2026 18:57:22.725] [main/DEBUG] [net.minecraftforge.fml.loading.moddiscovery.AbstractJarFileDependencyLocator/]: Failed to load resource META-INF\jarjar\metadata.json from javafmllanguage-1.20.1-47.3.10.jar, it does not contain dependency information.
[194月2026 18:57:22.725] [main/DEBUG] [net.minecraftforge.fml.loading.moddiscovery.AbstractJarFileDependencyLocator/]: Failed to load resource META-INF\jarjar\metadata.json from fmlcore-1.20.1-47.3.10.jar, it does not contain dependency information.
[194月2026 18:57:22.725] [main/DEBUG] [net.minecraftforge.fml.loading.moddiscovery.AbstractJarFileDependencyLocator/]: Failed to load resource META-INF\jarjar\metadata.json from lowcodelanguage-1.20.1-47.3.10.jar, it does not contain dependency information.
[194月2026 18:57:22.766] [main/DEBUG] [net.minecraftforge.fml.loading.moddiscovery.AbstractJarFileDependencyLocator/]: Failed to load resource META-INF\jarjar\metadata.json from MixinExtras-0.2.0-beta.8.jar, it does not contain dependency information.
[194月2026 18:57:22.766] [main/DEBUG] [net.minecraftforge.fml.loading.moddiscovery.AbstractJarFileDependencyLocator/]: Failed to load resource META-INF\jarjar\metadata.json from mclib-20.jar, it does not contain dependency information.
[194月2026 18:57:22.798] [main/INFO] [net.minecraftforge.fml.loading.moddiscovery.JarInJarDependencyLocator/]: Found 2 dependencies adding them to mods collection
[194月2026 18:57:22.801] [main/DEBUG] [net.minecraftforge.fml.loading.moddiscovery.ModFileInfo/LOADING]: Found valid mod file forge-1.20.1-47.3.10_mapped_official_1.20.1-recomp.jar with {minecraft} mods - versions {1.20.1}
[194月2026 18:57:22.801] [main/DEBUG] [net.minecraftforge.fml.loading.moddiscovery.ModFile/LOADING]: Loading mod file C:\Users\tungs\.gradle\caches\forge_gradle\minecraft_user_repo\net\minecraftforge\forge\1.20.1-47.3.10_mapped_official_1.20.1\forge-1.20.1-47.3.10_mapped_official_1.20.1-recomp.jar with languages [LanguageSpec[languageName=minecraft, acceptedVersions=1]]
[194月2026 18:57:22.804] [main/DEBUG] [net.minecraftforge.fml.loading.moddiscovery.ModFileParser/LOADING]: Considering mod file candidate C:\Users\tungs\.gradle\caches\forge_gradle\deobf_dependencies\io\redspace\ironsspellbooks\irons_spellbooks\1.20.1-3.4.0.9_mapped_official_1.20.1\irons_spellbooks-1.20.1-3.4.0.9_mapped_official_1.20.1.jar
[194月2026 18:57:22.804] [main/DEBUG] [net.minecraftforge.fml.loading.moddiscovery.ModFileInfo/LOADING]: Found valid mod file irons_spellbooks-1.20.1-3.4.0.9_mapped_official_1.20.1.jar with {irons_spellbooks} mods - versions {1.20.1-3.4.0.9}
[194月2026 18:57:22.804] [main/DEBUG] [net.minecraftforge.fml.loading.moddiscovery.ModFile/LOADING]: Loading mod file C:\Users\tungs\.gradle\caches\forge_gradle\deobf_dependencies\io\redspace\ironsspellbooks\irons_spellbooks\1.20.1-3.4.0.9_mapped_official_1.20.1\irons_spellbooks-1.20.1-3.4.0.9_mapped_official_1.20.1.jar with languages [LanguageSpec[languageName=javafml, acceptedVersions=[47,)]]
[194月2026 18:57:22.804] [main/DEBUG] [net.minecraftforge.fml.loading.moddiscovery.ModFileParser/LOADING]: Considering mod file candidate C:\Users\tungs\.gradle\caches\forge_gradle\deobf_dependencies\dev\xkmc\l2screentracker\l2screentracker\0.1.3_mapped_official_1.20.1\l2screentracker-0.1.3_mapped_official_1.20.1.jar
[194月2026 18:57:22.804] [main/DEBUG] [net.minecraftforge.fml.loading.moddiscovery.ModFileInfo/LOADING]: Found valid mod file l2screentracker-0.1.3_mapped_official_1.20.1.jar with {l2screentracker} mods - versions {0.1.3}
[194月2026 18:57:22.804] [main/DEBUG] [net.minecraftforge.fml.loading.moddiscovery.ModFile/LOADING]: Loading mod file C:\Users\tungs\.gradle\caches\forge_gradle\deobf_dependencies\dev\xkmc\l2screentracker\l2screentracker\0.1.3_mapped_official_1.20.1\l2screentracker-0.1.3_mapped_official_1.20.1.jar with languages [LanguageSpec[languageName=javafml, acceptedVersions=[46,)]]
[194月2026 18:57:22.804] [main/DEBUG] [net.minecraftforge.fml.loading.moddiscovery.ModFileParser/LOADING]: Considering mod file candidate C:\Users\tungs\.gradle\caches\forge_gradle\deobf_dependencies\dev\xkmc\l2tabs\l2tabs\0.2.6_mapped_official_1.20.1\l2tabs-0.2.6_mapped_official_1.20.1.jar
[194月2026 18:57:22.804] [main/DEBUG] [net.minecraftforge.fml.loading.moddiscovery.ModFileInfo/LOADING]: Found valid mod file l2tabs-0.2.6_mapped_official_1.20.1.jar with {l2tabs} mods - versions {0.2.6}
[194月2026 18:57:22.804] [main/DEBUG] [net.minecraftforge.fml.loading.moddiscovery.ModFile/LOADING]: Loading mod file C:\Users\tungs\.gradle\caches\forge_gradle\deobf_dependencies\dev\xkmc\l2tabs\l2tabs\0.2.6_mapped_official_1.20.1\l2tabs-0.2.6_mapped_official_1.20.1.jar with languages [LanguageSpec[languageName=javafml, acceptedVersions=[46,)]]
[194月2026 18:57:22.804] [main/DEBUG] [net.minecraftforge.fml.loading.moddiscovery.ModFileParser/LOADING]: Considering mod file candidate C:\Users\tungs\Downloads\Osmium's_Magic-Iron's_Spellbooks_Addon_1.20.1\build\resources\main
[194月2026 18:57:22.804] [main/DEBUG] [net.minecraftforge.fml.loading.moddiscovery.ModFileInfo/LOADING]: Found valid mod file main with {osmiumsmagic} mods - versions {1.0.5}
[194月2026 18:57:22.804] [main/DEBUG] [net.minecraftforge.fml.loading.moddiscovery.ModFile/LOADING]: Loading mod file C:\Users\tungs\Downloads\Osmium's_Magic-Iron's_Spellbooks_Addon_1.20.1\build\resources\main with languages [LanguageSpec[languageName=javafml, acceptedVersions=[47,)]]
[194月2026 18:57:22.804] [main/DEBUG] [net.minecraftforge.fml.loading.moddiscovery.ModFileParser/LOADING]: Considering mod file candidate C:\Users\tungs\.gradle\caches\forge_gradle\deobf_dependencies\software\bernie\geckolib\geckolib-forge-1.20.1\4.7.4_mapped_official_1.20.1\geckolib-forge-1.20.1-4.7.4_mapped_official_1.20.1.jar
[194月2026 18:57:22.809] [main/DEBUG] [net.minecraftforge.fml.loading.moddiscovery.ModFileInfo/LOADING]: Found valid mod file geckolib-forge-1.20.1-4.7.4_mapped_official_1.20.1.jar with {geckolib} mods - versions {4.7.4}
[194月2026 18:57:22.809] [main/DEBUG] [net.minecraftforge.fml.loading.moddiscovery.ModFile/LOADING]: Loading mod file C:\Users\tungs\.gradle\caches\forge_gradle\deobf_dependencies\software\bernie\geckolib\geckolib-forge-1.20.1\4.7.4_mapped_official_1.20.1\geckolib-forge-1.20.1-4.7.4_mapped_official_1.20.1.jar with languages [LanguageSpec[languageName=javafml, acceptedVersions=[47,)]]
[194月2026 18:57:22.809] [main/DEBUG] [net.minecraftforge.fml.loading.moddiscovery.ModFileParser/LOADING]: Considering mod file candidate C:\Users\tungs\.gradle\caches\forge_gradle\deobf_dependencies\dev\kosmx\player-anim\player-animation-lib-forge\1.0.2-rc1+1.20_mapped_official_1.20.1\player-animation-lib-forge-1.0.2-rc1+1.20_mapped_official_1.20.1.jar
[194月2026 18:57:22.809] [main/DEBUG] [net.minecraftforge.fml.loading.moddiscovery.ModFileInfo/LOADING]: Found valid mod file player-animation-lib-forge-1.0.2-rc1+1.20_mapped_official_1.20.1.jar with {playeranimator} mods - versions {1.0.2-rc1+1.20}
[194月2026 18:57:22.809] [main/DEBUG] [net.minecraftforge.fml.loading.moddiscovery.ModFile/LOADING]: Loading mod file C:\Users\tungs\.gradle\caches\forge_gradle\deobf_dependencies\dev\kosmx\player-anim\player-animation-lib-forge\1.0.2-rc1+1.20_mapped_official_1.20.1\player-animation-lib-forge-1.0.2-rc1+1.20_mapped_official_1.20.1.jar with languages [LanguageSpec[languageName=javafml, acceptedVersions=[46.0.0,)]]
[194月2026 18:57:22.809] [main/DEBUG] [net.minecraftforge.fml.loading.moddiscovery.ModFileParser/LOADING]: Considering mod file candidate C:\Users\tungs\.gradle\caches\forge_gradle\deobf_dependencies\mezz\jei\jei-1.20.1-forge\15.20.0.116_mapped_official_1.20.1\jei-1.20.1-forge-15.20.0.116_mapped_official_1.20.1.jar
[194月2026 18:57:22.809] [main/DEBUG] [net.minecraftforge.fml.loading.moddiscovery.ModFileInfo/LOADING]: Found valid mod file jei-1.20.1-forge-15.20.0.116_mapped_official_1.20.1.jar with {jei} mods - versions {15.20.0.116}
[194月2026 18:57:22.809] [main/DEBUG] [net.minecraftforge.fml.loading.moddiscovery.ModFile/LOADING]: Loading mod file C:\Users\tungs\.gradle\caches\forge_gradle\deobf_dependencies\mezz\jei\jei-1.20.1-forge\15.20.0.116_mapped_official_1.20.1\jei-1.20.1-forge-15.20.0.116_mapped_official_1.20.1.jar with languages [LanguageSpec[languageName=javafml, acceptedVersions=[47,)]]
[194月2026 18:57:22.809] [main/DEBUG] [net.minecraftforge.fml.loading.moddiscovery.ModFileParser/LOADING]: Considering mod file candidate C:\Users\tungs\.gradle\caches\forge_gradle\deobf_dependencies\dev\xkmc\l2itemselector\l2itemselector\0.1.7_mapped_official_1.20.1\l2itemselector-0.1.7_mapped_official_1.20.1.jar
[194月2026 18:57:22.809] [main/DEBUG] [net.minecraftforge.fml.loading.moddiscovery.ModFileInfo/LOADING]: Found valid mod file l2itemselector-0.1.7_mapped_official_1.20.1.jar with {l2itemselector} mods - versions {0.1.7}
[194月2026 18:57:22.809] [main/DEBUG] [net.minecraftforge.fml.loading.moddiscovery.ModFile/LOADING]: Loading mod file C:\Users\tungs\.gradle\caches\forge_gradle\deobf_dependencies\dev\xkmc\l2itemselector\l2itemselector\0.1.7_mapped_official_1.20.1\l2itemselector-0.1.7_mapped_official_1.20.1.jar with languages [LanguageSpec[languageName=javafml, acceptedVersions=[46,)]]
[194月2026 18:57:22.809] [main/DEBUG] [net.minecraftforge.fml.loading.moddiscovery.ModFileParser/LOADING]: Considering mod file candidate C:\Users\tungs\.gradle\caches\forge_gradle\deobf_dependencies\dev\xkmc\l2library\l2library\2.4.23-slim_mapped_official_1.20.1\l2library-2.4.23-slim_mapped_official_1.20.1.jar
[194月2026 18:57:22.811] [main/DEBUG] [net.minecraftforge.fml.loading.moddiscovery.ModFileInfo/LOADING]: Found valid mod file l2library-2.4.23-slim_mapped_official_1.20.1.jar with {l2library} mods - versions {2.4.23}
[194月2026 18:57:22.811] [main/DEBUG] [net.minecraftforge.fml.loading.moddiscovery.ModFile/LOADING]: Loading mod file C:\Users\tungs\.gradle\caches\forge_gradle\deobf_dependencies\dev\xkmc\l2library\l2library\2.4.23-slim_mapped_official_1.20.1\l2library-2.4.23-slim_mapped_official_1.20.1.jar with languages [LanguageSpec[languageName=javafml, acceptedVersions=[46,)]]
[194月2026 18:57:22.811] [main/DEBUG] [net.minecraftforge.fml.loading.moddiscovery.ModFileParser/LOADING]: Considering mod file candidate C:\Users\tungs\.gradle\caches\forge_gradle\deobf_dependencies\dev\xkmc\l2complements\l2complements\2.4.29-slim_mapped_official_1.20.1\l2complements-2.4.29-slim_mapped_official_1.20.1.jar
[194月2026 18:57:22.811] [main/DEBUG] [net.minecraftforge.fml.loading.moddiscovery.ModFileInfo/LOADING]: Found valid mod file l2complements-2.4.29-slim_mapped_official_1.20.1.jar with {l2complements} mods - versions {2.4.29}
[194月2026 18:57:22.811] [main/DEBUG] [net.minecraftforge.fml.loading.moddiscovery.ModFile/LOADING]: Loading mod file C:\Users\tungs\.gradle\caches\forge_gradle\deobf_dependencies\dev\xkmc\l2complements\l2complements\2.4.29-slim_mapped_official_1.20.1\l2complements-2.4.29-slim_mapped_official_1.20.1.jar with languages [LanguageSpec[languageName=javafml, acceptedVersions=[47,)]]
[194月2026 18:57:22.811] [main/DEBUG] [net.minecraftforge.fml.loading.moddiscovery.ModFileParser/LOADING]: Considering mod file candidate C:\Users\tungs\.gradle\caches\forge_gradle\deobf_dependencies\top\theillusivec4\caelus\caelus-forge\3.2.0+1.20.1_mapped_official_1.20.1\caelus-forge-3.2.0+1.20.1_mapped_official_1.20.1.jar
[194月2026 18:57:22.811] [main/DEBUG] [net.minecraftforge.fml.loading.moddiscovery.ModFileInfo/LOADING]: Found valid mod file caelus-forge-3.2.0+1.20.1_mapped_official_1.20.1.jar with {caelus} mods - versions {3.2.0+1.20.1}
[194月2026 18:57:22.811] [main/DEBUG] [net.minecraftforge.fml.loading.moddiscovery.ModFile/LOADING]: Loading mod file C:\Users\tungs\.gradle\caches\forge_gradle\deobf_dependencies\top\theillusivec4\caelus\caelus-forge\3.2.0+1.20.1_mapped_official_1.20.1\caelus-forge-3.2.0+1.20.1_mapped_official_1.20.1.jar with languages [LanguageSpec[languageName=javafml, acceptedVersions=[46,)]]
[194月2026 18:57:22.811] [main/DEBUG] [net.minecraftforge.fml.loading.moddiscovery.ModFileParser/LOADING]: Considering mod file candidate /
[194月2026 18:57:22.811] [main/DEBUG] [net.minecraftforge.fml.loading.moddiscovery.ModFileInfo/LOADING]: Found valid mod file  with {forge} mods - versions {47.3.10}
[194月2026 18:57:22.811] [main/DEBUG] [net.minecraftforge.fml.loading.moddiscovery.ModFile/LOADING]: Loading mod file / with languages [LanguageSpec[languageName=javafml, acceptedVersions=[24,]]]
[194月2026 18:57:22.813] [main/DEBUG] [net.minecraftforge.fml.loading.moddiscovery.ModFileParser/LOADING]: Found coremod field_to_method with Javascript path coremods/field_to_method.js
[194月2026 18:57:22.813] [main/DEBUG] [net.minecraftforge.fml.loading.moddiscovery.ModFileParser/LOADING]: Found coremod field_to_instanceof with Javascript path coremods/field_to_instanceof.js
[194月2026 18:57:22.813] [main/DEBUG] [net.minecraftforge.fml.loading.moddiscovery.ModFileParser/LOADING]: Found coremod add_bouncer_method with Javascript path coremods/add_bouncer_method.js
[194月2026 18:57:22.813] [main/DEBUG] [net.minecraftforge.fml.loading.moddiscovery.ModFileParser/LOADING]: Found coremod method_redirector with Javascript path coremods/method_redirector.js
[194月2026 18:57:22.813] [main/DEBUG] [net.minecraftforge.fml.loading.moddiscovery.ModFile/LOADING]: Found coremod coremods/field_to_method.js
[194月2026 18:57:22.813] [main/DEBUG] [net.minecraftforge.fml.loading.moddiscovery.ModFile/LOADING]: Found coremod coremods/field_to_instanceof.js
[194月2026 18:57:22.813] [main/DEBUG] [net.minecraftforge.fml.loading.moddiscovery.ModFile/LOADING]: Found coremod coremods/add_bouncer_method.js
[194月2026 18:57:22.813] [main/DEBUG] [net.minecraftforge.fml.loading.moddiscovery.ModFile/LOADING]: Found coremod coremods/method_redirector.js
[194月2026 18:57:22.813] [main/DEBUG] [net.minecraftforge.fml.loading.moddiscovery.ModFileParser/LOADING]: Considering mod file candidate C:\Users\tungs\.gradle\caches\forge_gradle\deobf_dependencies\dev\xkmc\l2damagetracker\l2damagetracker\0.1.6_mapped_official_1.20.1\l2damagetracker-0.1.6_mapped_official_1.20.1.jar
[194月2026 18:57:22.813] [main/DEBUG] [net.minecraftforge.fml.loading.moddiscovery.ModFileInfo/LOADING]: Found valid mod file l2damagetracker-0.1.6_mapped_official_1.20.1.jar with {l2damagetracker} mods - versions {0.1.6}
[194月2026 18:57:22.813] [main/DEBUG] [net.minecraftforge.fml.loading.moddiscovery.ModFile/LOADING]: Loading mod file C:\Users\tungs\.gradle\caches\forge_gradle\deobf_dependencies\dev\xkmc\l2damagetracker\l2damagetracker\0.1.6_mapped_official_1.20.1\l2damagetracker-0.1.6_mapped_official_1.20.1.jar with languages [LanguageSpec[languageName=javafml, acceptedVersions=[46,)]]
[194月2026 18:57:22.813] [main/DEBUG] [net.minecraftforge.fml.loading.moddiscovery.ModFileParser/LOADING]: Considering mod file candidate C:\Users\tungs\.gradle\caches\forge_gradle\deobf_dependencies\top\theillusivec4\curios\curios-forge\5.14.1+1.20.1_mapped_official_1.20.1\curios-forge-5.14.1+1.20.1_mapped_official_1.20.1.jar
[194月2026 18:57:22.813] [main/DEBUG] [net.minecraftforge.fml.loading.moddiscovery.ModFileInfo/LOADING]: Found valid mod file curios-forge-5.14.1+1.20.1_mapped_official_1.20.1.jar with {curios} mods - versions {5.14.1+1.20.1}
[194月2026 18:57:22.813] [main/DEBUG] [net.minecraftforge.fml.loading.moddiscovery.ModFile/LOADING]: Loading mod file C:\Users\tungs\.gradle\caches\forge_gradle\deobf_dependencies\top\theillusivec4\curios\curios-forge\5.14.1+1.20.1_mapped_official_1.20.1\curios-forge-5.14.1+1.20.1_mapped_official_1.20.1.jar with languages [LanguageSpec[languageName=javafml, acceptedVersions=[41,)]]
[194月2026 18:57:22.813] [main/DEBUG] [net.minecraftforge.fml.loading.moddiscovery.ModFile/LOADING]: Loading mod file  with languages []
[194月2026 18:57:22.813] [main/DEBUG] [net.minecraftforge.fml.loading.moddiscovery.ModFile/LOADING]: Loading mod file  with languages []
[194月2026 18:57:22.813] [main/DEBUG] [net.minecraftforge.fml.loading.moddiscovery.ModFile/LOADING]: Loading mod file C:\Users\tungs\.gradle\caches\forge_gradle\deobf_dependencies\dev\xkmc\l2serial\l2serial\1.2.2_mapped_official_1.20.1\l2serial-1.2.2_mapped_official_1.20.1.jar with languages []
[194月2026 18:57:22.813] [main/DEBUG] [net.minecraftforge.fml.loading.moddiscovery.ModFileParser/LOADING]: Considering mod file candidate C:\Users\tungs\.gradle\caches\modules-2\files-2.1\com.github.llamalad7.mixinextras\mixinextras-forge\0.2.0-beta.8\1b04da60dcc962de5093edf28303c9dd9daa1f56\mixinextras-forge-0.2.0-beta.8.jar
[194月2026 18:57:22.813] [main/DEBUG] [net.minecraftforge.fml.loading.moddiscovery.ModFileInfo/LOADING]: Found valid mod file mixinextras-forge-0.2.0-beta.8.jar with {mixinextras} mods - versions {0.2.0-beta.8}
[194月2026 18:57:22.813] [main/DEBUG] [net.minecraftforge.fml.loading.moddiscovery.ModFile/LOADING]: Loading mod file C:\Users\tungs\.gradle\caches\modules-2\files-2.1\com.github.llamalad7.mixinextras\mixinextras-forge\0.2.0-beta.8\1b04da60dcc962de5093edf28303c9dd9daa1f56\mixinextras-forge-0.2.0-beta.8.jar with languages [LanguageSpec[languageName=javafml, acceptedVersions=*]]
[194月2026 18:57:22.813] [main/DEBUG] [net.minecraftforge.fml.loading.moddiscovery.ModFile/LOADING]: Loading mod file C:\Users\tungs\.gradle\caches\forge_gradle\deobf_dependencies\com\tterrag\registrate\Registrate\MC1.20-1.3.11_mapped_official_1.20.1\Registrate-MC1.20-1.3.11_mapped_official_1.20.1.jar with languages []
[194月2026 18:57:22.813] [main/DEBUG] [net.minecraftforge.fml.loading.moddiscovery.ModFile/LOADING]: Loading mod file  with languages []
[194月2026 18:57:22.813] [main/DEBUG] [net.minecraftforge.fml.loading.moddiscovery.ModFile/LOADING]: Loading mod file  with languages []
[194月2026 18:57:22.813] [main/DEBUG] [net.minecraftforge.fml.loading.moddiscovery.ModFile/LOADING]: Loading mod file C:\Users\tungs\.gradle\caches\forge_gradle\deobf_dependencies\dev\xkmc\l2serial\l2serial\1.2.2_mapped_official_1.20.1\l2serial-1.2.2_mapped_official_1.20.1.jar with languages []
[194月2026 18:57:22.813] [main/DEBUG] [net.minecraftforge.fml.loading.moddiscovery.ModFileParser/LOADING]: Considering mod file candidate C:\Users\tungs\.gradle\caches\modules-2\files-2.1\com.github.llamalad7.mixinextras\mixinextras-forge\0.2.0-beta.8\1b04da60dcc962de5093edf28303c9dd9daa1f56\mixinextras-forge-0.2.0-beta.8.jar
[194月2026 18:57:22.817] [main/DEBUG] [net.minecraftforge.fml.loading.moddiscovery.ModFileInfo/LOADING]: Found valid mod file mixinextras-forge-0.2.0-beta.8.jar with {mixinextras} mods - versions {0.2.0-beta.8}
[194月2026 18:57:22.817] [main/DEBUG] [net.minecraftforge.fml.loading.moddiscovery.ModFile/LOADING]: Loading mod file C:\Users\tungs\.gradle\caches\modules-2\files-2.1\com.github.llamalad7.mixinextras\mixinextras-forge\0.2.0-beta.8\1b04da60dcc962de5093edf28303c9dd9daa1f56\mixinextras-forge-0.2.0-beta.8.jar with languages [LanguageSpec[languageName=javafml, acceptedVersions=*]]
[194月2026 18:57:22.817] [main/DEBUG] [net.minecraftforge.fml.loading.moddiscovery.ModFile/LOADING]: Loading mod file C:\Users\tungs\.gradle\caches\forge_gradle\deobf_dependencies\com\tterrag\registrate\Registrate\MC1.20-1.3.11_mapped_official_1.20.1\Registrate-MC1.20-1.3.11_mapped_official_1.20.1.jar with languages []
[194月2026 18:57:22.817] [main/DEBUG] [cpw.mods.modlauncher.TransformationServiceDecorator/MODLAUNCHER]: End scan trigger - transformation service fml
[194月2026 18:57:22.827] [main/DEBUG] [net.minecraftforge.fml.loading.LanguageLoadingProvider/CORE]: Found 3 language providers
[194月2026 18:57:22.827] [main/DEBUG] [net.minecraftforge.fml.loading.LanguageLoadingProvider/CORE]: Found language provider minecraft, version 1.0
[194月2026 18:57:22.827] [main/DEBUG] [net.minecraftforge.fml.loading.LanguageLoadingProvider/CORE]: Found language provider lowcodefml, version 47
[194月2026 18:57:22.827] [main/DEBUG] [net.minecraftforge.fml.loading.LanguageLoadingProvider/CORE]: Found language provider javafml, version 47
[194月2026 18:57:22.833] [main/DEBUG] [net.minecraftforge.fml.loading.UniqueModListBuilder/]: Found 2 mods for first modid MixinExtras.beta._8, selecting most recent based on version data
[194月2026 18:57:22.833] [main/DEBUG] [net.minecraftforge.fml.loading.UniqueModListBuilder/]: Selected file MixinExtras-0.2.0-beta.8.jar for modid MixinExtras.beta._8 with version 0.0NONE
[194月2026 18:57:22.833] [main/DEBUG] [net.minecraftforge.fml.loading.UniqueModListBuilder/]: Found 2 mods for first modid mclib, selecting most recent based on version data
[194月2026 18:57:22.833] [main/DEBUG] [net.minecraftforge.fml.loading.UniqueModListBuilder/]: Selected file mclib-20.jar for modid mclib with version 0.0NONE
[194月2026 18:57:22.833] [main/DEBUG] [net.minecraftforge.fml.loading.UniqueModListBuilder/]: Found 2 mods for first modid l2serial, selecting most recent based on version data
[194月2026 18:57:22.833] [main/DEBUG] [net.minecraftforge.fml.loading.UniqueModListBuilder/]: Selected file l2serial-1.2.2_mapped_official_1.20.1.jar for modid l2serial with version 1.2.2
[194月2026 18:57:22.833] [main/DEBUG] [net.minecraftforge.fml.loading.UniqueModListBuilder/]: Found 2 mods for first modid mixinextras, selecting most recent based on version data
[194月2026 18:57:22.833] [main/DEBUG] [net.minecraftforge.fml.loading.UniqueModListBuilder/]: Selected file mixinextras-forge-0.2.0-beta.8.jar for modid mixinextras with version 0.2.0-beta.8
[194月2026 18:57:22.833] [main/DEBUG] [net.minecraftforge.fml.loading.UniqueModListBuilder/]: Found 2 mods for first modid Registrate, selecting most recent based on version data
[194月2026 18:57:22.833] [main/DEBUG] [net.minecraftforge.fml.loading.UniqueModListBuilder/]: Selected file Registrate-MC1.20-1.3.11_mapped_official_1.20.1.jar for modid Registrate with version 0.0NONE
[194月2026 18:57:22.837] [main/DEBUG] [net.minecraftforge.fml.loading.ModSorter/]: Configured system mods: [minecraft, forge]
[194月2026 18:57:22.837] [main/DEBUG] [net.minecraftforge.fml.loading.ModSorter/]: Found system mod: minecraft
[194月2026 18:57:22.837] [main/DEBUG] [net.minecraftforge.fml.loading.ModSorter/]: Found system mod: forge
[194月2026 18:57:22.837] [main/DEBUG] [net.minecraftforge.fml.loading.ModSorter/LOADING]: Found 35 mod requirements (34 mandatory, 1 optional)
[194月2026 18:57:22.837] [main/DEBUG] [net.minecraftforge.fml.loading.ModSorter/LOADING]: Found 0 mod requirements missing (0 mandatory, 0 optional)
[194月2026 18:57:23.215] [main/DEBUG] [net.minecraftforge.fml.loading.MCPNamingService/CORE]: Loaded 33222 method mappings from methods.csv
[194月2026 18:57:23.240] [main/DEBUG] [net.minecraftforge.fml.loading.MCPNamingService/CORE]: Loaded 31003 field mappings from fields.csv
[194月2026 18:57:23.297] [main/DEBUG] [cpw.mods.modlauncher.TransformationServicesHandler/MODLAUNCHER]: Transformation services loading transformers
[194月2026 18:57:23.297] [main/DEBUG] [cpw.mods.modlauncher.TransformationServiceDecorator/MODLAUNCHER]: Initializing transformers for transformation service mixin
[194月2026 18:57:23.298] [main/DEBUG] [cpw.mods.modlauncher.TransformationServiceDecorator/MODLAUNCHER]: Initialized transformers for transformation service mixin
[194月2026 18:57:23.298] [main/DEBUG] [cpw.mods.modlauncher.TransformationServiceDecorator/MODLAUNCHER]: Initializing transformers for transformation service fml
[194月2026 18:57:23.298] [main/DEBUG] [net.minecraftforge.fml.loading.FMLServiceProvider/CORE]: Loading coremod transformers
[194月2026 18:57:23.298] [main/DEBUG] [net.minecraftforge.coremod.CoreModEngine/COREMOD]: Loading CoreMod from coremods/field_to_method.js
[194月2026 18:57:23.542] [main/DEBUG] [net.minecraftforge.coremod.CoreModEngine/COREMOD]: CoreMod loaded successfully
[194月2026 18:57:23.542] [main/DEBUG] [net.minecraftforge.coremod.CoreModEngine/COREMOD]: Loading CoreMod from coremods/field_to_instanceof.js
[194月2026 18:57:23.616] [main/DEBUG] [net.minecraftforge.coremod.CoreModEngine/COREMOD]: CoreMod loaded successfully
[194月2026 18:57:23.616] [main/DEBUG] [net.minecraftforge.coremod.CoreModEngine/COREMOD]: Loading CoreMod from coremods/add_bouncer_method.js
[194月2026 18:57:23.648] [main/DEBUG] [net.minecraftforge.coremod.CoreModEngine/COREMOD]: CoreMod loaded successfully
[194月2026 18:57:23.648] [main/DEBUG] [net.minecraftforge.coremod.CoreModEngine/COREMOD]: Loading CoreMod from coremods/method_redirector.js
[194月2026 18:57:23.706] [main/DEBUG] [net.minecraftforge.coremod.CoreModEngine/COREMOD]: CoreMod loaded successfully
[194月2026 18:57:23.720] [main/DEBUG] [cpw.mods.modlauncher.TransformStore/MODLAUNCHER]: Adding transformer net.minecraftforge.coremod.transformer.CoreModClassTransformer@53a84ff4 to Target : CLASS {Lnet/minecraft/world/level/biome/Biome;} {} {V}
[194月2026 18:57:23.721] [main/DEBUG] [cpw.mods.modlauncher.TransformStore/MODLAUNCHER]: Adding transformer net.minecraftforge.coremod.transformer.CoreModClassTransformer@2fd954f to Target : CLASS {Lnet/minecraft/world/level/levelgen/structure/Structure;} {} {V}
[194月2026 18:57:23.721] [main/DEBUG] [cpw.mods.modlauncher.TransformStore/MODLAUNCHER]: Adding transformer net.minecraftforge.coremod.transformer.CoreModClassTransformer@5731d3a to Target : CLASS {Lnet/minecraft/world/effect/MobEffectInstance;} {} {V}
[194月2026 18:57:23.721] [main/DEBUG] [cpw.mods.modlauncher.TransformStore/MODLAUNCHER]: Adding transformer net.minecraftforge.coremod.transformer.CoreModClassTransformer@6a0f2853 to Target : CLASS {Lnet/minecraft/world/level/block/LiquidBlock;} {} {V}
[194月2026 18:57:23.721] [main/DEBUG] [cpw.mods.modlauncher.TransformStore/MODLAUNCHER]: Adding transformer net.minecraftforge.coremod.transformer.CoreModClassTransformer@1eff3cfb to Target : CLASS {Lnet/minecraft/world/item/BucketItem;} {} {V}
[194月2026 18:57:23.721] [main/DEBUG] [cpw.mods.modlauncher.TransformStore/MODLAUNCHER]: Adding transformer net.minecraftforge.coremod.transformer.CoreModClassTransformer@70c69586 to Target : CLASS {Lnet/minecraft/world/level/block/StairBlock;} {} {V}
[194月2026 18:57:23.721] [main/DEBUG] [cpw.mods.modlauncher.TransformStore/MODLAUNCHER]: Adding transformer net.minecraftforge.coremod.transformer.CoreModClassTransformer@6dc1dc69 to Target : CLASS {Lnet/minecraft/world/level/block/FlowerPotBlock;} {} {V}
[194月2026 18:57:23.721] [main/DEBUG] [cpw.mods.modlauncher.TransformStore/MODLAUNCHER]: Adding transformer net.minecraftforge.coremod.transformer.CoreModClassTransformer@7e9f2c32 to Target : CLASS {Lnet/minecraft/world/item/ItemStack;} {} {V}
[194月2026 18:57:23.721] [main/DEBUG] [cpw.mods.modlauncher.TransformStore/MODLAUNCHER]: Adding transformer net.minecraftforge.coremod.transformer.CoreModClassTransformer@19e0dffe to Target : CLASS {Lnet/minecraft/network/play/client/CClientSettingsPacket;} {} {V}
[194月2026 18:57:23.721] [main/DEBUG] [cpw.mods.modlauncher.TransformStore/MODLAUNCHER]: Adding transformer net.minecraftforge.coremod.transformer.CoreModClassTransformer@5d4e13e1 to Target : CLASS {Lnet/minecraft/server/commands/SummonCommand;} {} {V}
[194月2026 18:57:23.722] [main/DEBUG] [cpw.mods.modlauncher.TransformStore/MODLAUNCHER]: Adding transformer net.minecraftforge.coremod.transformer.CoreModClassTransformer@5d4e13e1 to Target : CLASS {Lnet/minecraft/world/level/levelgen/PatrolSpawner;} {} {V}
[194月2026 18:57:23.722] [main/DEBUG] [cpw.mods.modlauncher.TransformStore/MODLAUNCHER]: Adding transformer net.minecraftforge.coremod.transformer.CoreModClassTransformer@5d4e13e1 to Target : CLASS {Lnet/minecraft/world/entity/ai/village/VillageSiege;} {} {V}
[194月2026 18:57:23.722] [main/DEBUG] [cpw.mods.modlauncher.TransformStore/MODLAUNCHER]: Adding transformer net.minecraftforge.coremod.transformer.CoreModClassTransformer@5d4e13e1 to Target : CLASS {Lnet/minecraft/world/level/NaturalSpawner;} {} {V}
[194月2026 18:57:23.722] [main/DEBUG] [cpw.mods.modlauncher.TransformStore/MODLAUNCHER]: Adding transformer net.minecraftforge.coremod.transformer.CoreModClassTransformer@5d4e13e1 to Target : CLASS {Lnet/minecraft/server/commands/RaidCommand;} {} {V}
[194月2026 18:57:23.722] [main/DEBUG] [cpw.mods.modlauncher.TransformStore/MODLAUNCHER]: Adding transformer net.minecraftforge.coremod.transformer.CoreModClassTransformer@5d4e13e1 to Target : CLASS {Lnet/minecraft/world/entity/monster/Evoker$EvokerSummonSpellGoal;} {} {V}
[194月2026 18:57:23.722] [main/DEBUG] [cpw.mods.modlauncher.TransformStore/MODLAUNCHER]: Adding transformer net.minecraftforge.coremod.transformer.CoreModClassTransformer@5d4e13e1 to Target : CLASS {Lnet/minecraft/world/level/levelgen/structure/templatesystem/StructureTemplate;} {} {V}
[194月2026 18:57:23.722] [main/DEBUG] [cpw.mods.modlauncher.TransformStore/MODLAUNCHER]: Adding transformer net.minecraftforge.coremod.transformer.CoreModClassTransformer@5d4e13e1 to Target : CLASS {Lnet/minecraft/world/entity/animal/frog/Tadpole;} {} {V}
[194月2026 18:57:23.722] [main/DEBUG] [cpw.mods.modlauncher.TransformStore/MODLAUNCHER]: Adding transformer net.minecraftforge.coremod.transformer.CoreModClassTransformer@5d4e13e1 to Target : CLASS {Lnet/minecraft/world/entity/monster/Zombie;} {} {V}
[194月2026 18:57:23.722] [main/DEBUG] [cpw.mods.modlauncher.TransformStore/MODLAUNCHER]: Adding transformer net.minecraftforge.coremod.transformer.CoreModClassTransformer@5d4e13e1 to Target : CLASS {Lnet/minecraft/world/entity/EntityType;} {} {V}
[194月2026 18:57:23.722] [main/DEBUG] [cpw.mods.modlauncher.TransformStore/MODLAUNCHER]: Adding transformer net.minecraftforge.coremod.transformer.CoreModClassTransformer@5d4e13e1 to Target : CLASS {Lnet/minecraft/world/entity/npc/Villager;} {} {V}
[194月2026 18:57:23.722] [main/DEBUG] [cpw.mods.modlauncher.TransformStore/MODLAUNCHER]: Adding transformer net.minecraftforge.coremod.transformer.CoreModClassTransformer@5d4e13e1 to Target : CLASS {Lnet/minecraft/world/entity/monster/Spider;} {} {V}
[194月2026 18:57:23.722] [main/DEBUG] [cpw.mods.modlauncher.TransformStore/MODLAUNCHER]: Adding transformer net.minecraftforge.coremod.transformer.CoreModClassTransformer@5d4e13e1 to Target : CLASS {Lnet/minecraft/world/entity/monster/ZombieVillager;} {} {V}
[194月2026 18:57:23.722] [main/DEBUG] [cpw.mods.modlauncher.TransformStore/MODLAUNCHER]: Adding transformer net.minecraftforge.coremod.transformer.CoreModClassTransformer@5d4e13e1 to Target : CLASS {Lnet/minecraft/world/level/levelgen/structure/structures/OceanMonumentPieces$OceanMonumentPiece;} {} {V}
[194月2026 18:57:23.722] [main/DEBUG] [cpw.mods.modlauncher.TransformStore/MODLAUNCHER]: Adding transformer net.minecraftforge.coremod.transformer.CoreModClassTransformer@5d4e13e1 to Target : CLASS {Lnet/minecraft/world/entity/monster/Strider;} {} {V}
[194月2026 18:57:23.722] [main/DEBUG] [cpw.mods.modlauncher.TransformStore/MODLAUNCHER]: Adding transformer net.minecraftforge.coremod.transformer.CoreModClassTransformer@5d4e13e1 to Target : CLASS {Lnet/minecraft/world/level/levelgen/structure/structures/SwampHutPiece;} {} {V}
[194月2026 18:57:23.722] [main/DEBUG] [cpw.mods.modlauncher.TransformStore/MODLAUNCHER]: Adding transformer net.minecraftforge.coremod.transformer.CoreModClassTransformer@5d4e13e1 to Target : CLASS {Lnet/minecraft/world/level/levelgen/PhantomSpawner;} {} {V}
[194月2026 18:57:23.723] [main/DEBUG] [cpw.mods.modlauncher.TransformStore/MODLAUNCHER]: Adding transformer net.minecraftforge.coremod.transformer.CoreModClassTransformer@5d4e13e1 to Target : CLASS {Lnet/minecraft/world/entity/raid/Raid;} {} {V}
[194月2026 18:57:23.723] [main/DEBUG] [cpw.mods.modlauncher.TransformStore/MODLAUNCHER]: Adding transformer net.minecraftforge.coremod.transformer.CoreModClassTransformer@5d4e13e1 to Target : CLASS {Lnet/minecraft/world/level/levelgen/structure/structures/WoodlandMansionPieces$WoodlandMansionPiece;} {} {V}
[194月2026 18:57:23.723] [main/DEBUG] [cpw.mods.modlauncher.TransformStore/MODLAUNCHER]: Adding transformer net.minecraftforge.coremod.transformer.CoreModClassTransformer@5d4e13e1 to Target : CLASS {Lnet/minecraft/world/entity/npc/CatSpawner;} {} {V}
[194月2026 18:57:23.723] [main/DEBUG] [cpw.mods.modlauncher.TransformStore/MODLAUNCHER]: Adding transformer net.minecraftforge.coremod.transformer.CoreModClassTransformer@5d4e13e1 to Target : CLASS {Lnet/minecraft/world/entity/animal/horse/SkeletonTrapGoal;} {} {V}
[194月2026 18:57:23.723] [main/DEBUG] [cpw.mods.modlauncher.TransformStore/MODLAUNCHER]: Adding transformer net.minecraftforge.coremod.transformer.CoreModClassTransformer@5d4e13e1 to Target : CLASS {Lnet/minecraft/world/level/levelgen/structure/structures/OceanRuinPieces$OceanRuinPiece;} {} {V}
[194月2026 18:57:23.723] [main/DEBUG] [cpw.mods.modlauncher.TransformationServiceDecorator/MODLAUNCHER]: Initialized transformers for transformation service fml
[194月2026 18:57:24.148] [main/DEBUG] [mixin/]: Processing prepare() for PlatformAgent[MixinPlatformAgentDefault:ModLauncher Root Container(ModLauncher:4f56a0a2)]
[194月2026 18:57:24.148] [main/DEBUG] [mixin/]: Processing launch tasks for PlatformAgent[MixinPlatformAgentDefault:ModLauncher Root Container(ModLauncher:4f56a0a2)]
[194月2026 18:57:24.148] [main/DEBUG] [mixin/]: Adding mixin platform agents for container SecureJarResource(minecraft)
[194月2026 18:57:24.148] [main/DEBUG] [mixin/]: Instancing new MixinPlatformAgentMinecraftForge for SecureJarResource(minecraft)
[194月2026 18:57:24.148] [main/DEBUG] [mixin/]: MixinPlatformAgentMinecraftForge rejected container SecureJarResource(minecraft)
[194月2026 18:57:24.148] [main/DEBUG] [mixin/]: Instancing new MixinPlatformAgentDefault for SecureJarResource(minecraft)
[194月2026 18:57:24.148] [main/DEBUG] [mixin/]: MixinPlatformAgentDefault accepted container SecureJarResource(minecraft)
[194月2026 18:57:24.148] [main/DEBUG] [mixin/]: Processing prepare() for PlatformAgent[MixinPlatformAgentDefault:SecureJarResource(minecraft)]
[194月2026 18:57:24.148] [main/DEBUG] [mixin/]: Adding mixin platform agents for container SecureJarResource(mixinextras)
[194月2026 18:57:24.148] [main/DEBUG] [mixin/]: Instancing new MixinPlatformAgentMinecraftForge for SecureJarResource(mixinextras)
[194月2026 18:57:24.148] [main/DEBUG] [mixin/]: MixinPlatformAgentMinecraftForge rejected container SecureJarResource(mixinextras)
[194月2026 18:57:24.148] [main/DEBUG] [mixin/]: Instancing new MixinPlatformAgentDefault for SecureJarResource(mixinextras)
[194月2026 18:57:24.148] [main/DEBUG] [mixin/]: MixinPlatformAgentDefault accepted container SecureJarResource(mixinextras)
[194月2026 18:57:24.148] [main/DEBUG] [mixin/]: Processing prepare() for PlatformAgent[MixinPlatformAgentDefault:SecureJarResource(mixinextras)]
[194月2026 18:57:24.148] [main/DEBUG] [mixin/]: Registering mixin config: mixinextras.init.mixins.json
[194月2026 18:57:24.166] [main/DEBUG] [mixin/]: Adding mixin platform agents for container SecureJarResource(osmiumsmagic)
[194月2026 18:57:24.166] [main/DEBUG] [mixin/]: Instancing new MixinPlatformAgentMinecraftForge for SecureJarResource(osmiumsmagic)
[194月2026 18:57:24.166] [main/DEBUG] [mixin/]: MixinPlatformAgentMinecraftForge rejected container SecureJarResource(osmiumsmagic)
[194月2026 18:57:24.166] [main/DEBUG] [mixin/]: Instancing new MixinPlatformAgentDefault for SecureJarResource(osmiumsmagic)
[194月2026 18:57:24.166] [main/DEBUG] [mixin/]: MixinPlatformAgentDefault accepted container SecureJarResource(osmiumsmagic)
[194月2026 18:57:24.166] [main/DEBUG] [mixin/]: Processing prepare() for PlatformAgent[MixinPlatformAgentDefault:SecureJarResource(osmiumsmagic)]
[194月2026 18:57:24.166] [main/DEBUG] [mixin/]: Adding mixin platform agents for container SecureJarResource(geckolib)
[194月2026 18:57:24.166] [main/DEBUG] [mixin/]: Instancing new MixinPlatformAgentMinecraftForge for SecureJarResource(geckolib)
[194月2026 18:57:24.166] [main/DEBUG] [mixin/]: MixinPlatformAgentMinecraftForge rejected container SecureJarResource(geckolib)
[194月2026 18:57:24.166] [main/DEBUG] [mixin/]: Instancing new MixinPlatformAgentDefault for SecureJarResource(geckolib)
[194月2026 18:57:24.166] [main/DEBUG] [mixin/]: MixinPlatformAgentDefault accepted container SecureJarResource(geckolib)
[194月2026 18:57:24.166] [main/DEBUG] [mixin/]: Processing prepare() for PlatformAgent[MixinPlatformAgentDefault:SecureJarResource(geckolib)]
[194月2026 18:57:24.166] [main/DEBUG] [mixin/]: Registering mixin config: geckolib.mixins.json
[194月2026 18:57:24.171] [main/DEBUG] [mixin/]: Compatibility level JAVA_17 specified by geckolib.mixins.json is higher than the maximum level supported by this version of mixin (JAVA_13).
[194月2026 18:57:24.174] [main/INFO] [mixin/]: Compatibility level set to JAVA_17
[194月2026 18:57:24.174] [main/DEBUG] [mixin/]: Adding mixin platform agents for container SecureJarResource(playeranimator)
[194月2026 18:57:24.174] [main/DEBUG] [mixin/]: Instancing new MixinPlatformAgentMinecraftForge for SecureJarResource(playeranimator)
[194月2026 18:57:24.174] [main/DEBUG] [mixin/]: MixinPlatformAgentMinecraftForge rejected container SecureJarResource(playeranimator)
[194月2026 18:57:24.174] [main/DEBUG] [mixin/]: Instancing new MixinPlatformAgentDefault for SecureJarResource(playeranimator)
[194月2026 18:57:24.174] [main/DEBUG] [mixin/]: MixinPlatformAgentDefault accepted container SecureJarResource(playeranimator)
[194月2026 18:57:24.174] [main/DEBUG] [mixin/]: Processing prepare() for PlatformAgent[MixinPlatformAgentDefault:SecureJarResource(playeranimator)]
[194月2026 18:57:24.174] [main/DEBUG] [mixin/]: Registering mixin config: playerAnimator-common.mixins.json
[194月2026 18:57:24.174] [main/DEBUG] [mixin/]: Compatibility level JAVA_16 specified by playerAnimator-common.mixins.json is higher than the maximum level supported by this version of mixin (JAVA_13).
[194月2026 18:57:24.174] [main/DEBUG] [mixin/]: Adding mixin platform agents for container SecureJarResource(irons_spellbooks)
[194月2026 18:57:24.174] [main/DEBUG] [mixin/]: Instancing new MixinPlatformAgentMinecraftForge for SecureJarResource(irons_spellbooks)
[194月2026 18:57:24.174] [main/DEBUG] [mixin/]: MixinPlatformAgentMinecraftForge rejected container SecureJarResource(irons_spellbooks)
[194月2026 18:57:24.174] [main/DEBUG] [mixin/]: Instancing new MixinPlatformAgentDefault for SecureJarResource(irons_spellbooks)
[194月2026 18:57:24.174] [main/DEBUG] [mixin/]: MixinPlatformAgentDefault accepted container SecureJarResource(irons_spellbooks)
[194月2026 18:57:24.174] [main/DEBUG] [mixin/]: Processing prepare() for PlatformAgent[MixinPlatformAgentDefault:SecureJarResource(irons_spellbooks)]
[194月2026 18:57:24.174] [main/DEBUG] [mixin/]: Registering mixin config: mixins.irons_spellbooks.json
[194月2026 18:57:24.174] [main/DEBUG] [mixin/]: Adding mixin platform agents for container SecureJarResource(jei)
[194月2026 18:57:24.174] [main/DEBUG] [mixin/]: Instancing new MixinPlatformAgentMinecraftForge for SecureJarResource(jei)
[194月2026 18:57:24.174] [main/DEBUG] [mixin/]: MixinPlatformAgentMinecraftForge rejected container SecureJarResource(jei)
[194月2026 18:57:24.174] [main/DEBUG] [mixin/]: Instancing new MixinPlatformAgentDefault for SecureJarResource(jei)
[194月2026 18:57:24.174] [main/DEBUG] [mixin/]: MixinPlatformAgentDefault accepted container SecureJarResource(jei)
[194月2026 18:57:24.174] [main/DEBUG] [mixin/]: Processing prepare() for PlatformAgent[MixinPlatformAgentDefault:SecureJarResource(jei)]
[194月2026 18:57:24.174] [main/DEBUG] [mixin/]: Adding mixin platform agents for container SecureJarResource(l2library)
[194月2026 18:57:24.174] [main/DEBUG] [mixin/]: Instancing new MixinPlatformAgentMinecraftForge for SecureJarResource(l2library)
[194月2026 18:57:24.174] [main/DEBUG] [mixin/]: MixinPlatformAgentMinecraftForge rejected container SecureJarResource(l2library)
[194月2026 18:57:24.174] [main/DEBUG] [mixin/]: Instancing new MixinPlatformAgentDefault for SecureJarResource(l2library)
[194月2026 18:57:24.174] [main/DEBUG] [mixin/]: MixinPlatformAgentDefault accepted container SecureJarResource(l2library)
[194月2026 18:57:24.174] [main/DEBUG] [mixin/]: Processing prepare() for PlatformAgent[MixinPlatformAgentDefault:SecureJarResource(l2library)]
[194月2026 18:57:24.174] [main/DEBUG] [mixin/]: Registering mixin config: l2library.mixins.json
[194月2026 18:57:24.174] [main/DEBUG] [mixin/]: Compatibility level JAVA_16 specified by l2library.mixins.json is higher than the maximum level supported by this version of mixin (JAVA_13).
[194月2026 18:57:24.174] [main/DEBUG] [mixin/]: Adding mixin platform agents for container SecureJarResource(l2screentracker)
[194月2026 18:57:24.174] [main/DEBUG] [mixin/]: Instancing new MixinPlatformAgentMinecraftForge for SecureJarResource(l2screentracker)
[194月2026 18:57:24.174] [main/DEBUG] [mixin/]: MixinPlatformAgentMinecraftForge rejected container SecureJarResource(l2screentracker)
[194月2026 18:57:24.174] [main/DEBUG] [mixin/]: Instancing new MixinPlatformAgentDefault for SecureJarResource(l2screentracker)
[194月2026 18:57:24.174] [main/DEBUG] [mixin/]: MixinPlatformAgentDefault accepted container SecureJarResource(l2screentracker)
[194月2026 18:57:24.174] [main/DEBUG] [mixin/]: Processing prepare() for PlatformAgent[MixinPlatformAgentDefault:SecureJarResource(l2screentracker)]
[194月2026 18:57:24.174] [main/DEBUG] [mixin/]: Registering mixin config: l2screentracker.mixins.json
[194月2026 18:57:24.174] [main/DEBUG] [mixin/]: Adding mixin platform agents for container SecureJarResource(l2tabs)
[194月2026 18:57:24.174] [main/DEBUG] [mixin/]: Instancing new MixinPlatformAgentMinecraftForge for SecureJarResource(l2tabs)
[194月2026 18:57:24.174] [main/DEBUG] [mixin/]: MixinPlatformAgentMinecraftForge rejected container SecureJarResource(l2tabs)
[194月2026 18:57:24.174] [main/DEBUG] [mixin/]: Instancing new MixinPlatformAgentDefault for SecureJarResource(l2tabs)
[194月2026 18:57:24.174] [main/DEBUG] [mixin/]: MixinPlatformAgentDefault accepted container SecureJarResource(l2tabs)
[194月2026 18:57:24.174] [main/DEBUG] [mixin/]: Processing prepare() for PlatformAgent[MixinPlatformAgentDefault:SecureJarResource(l2tabs)]
[194月2026 18:57:24.174] [main/DEBUG] [mixin/]: Registering mixin config: l2tabs.mixins.json
[194月2026 18:57:24.174] [main/DEBUG] [mixin/]: Adding mixin platform agents for container SecureJarResource(l2itemselector)
[194月2026 18:57:24.174] [main/DEBUG] [mixin/]: Instancing new MixinPlatformAgentMinecraftForge for SecureJarResource(l2itemselector)
[194月2026 18:57:24.174] [main/DEBUG] [mixin/]: MixinPlatformAgentMinecraftForge rejected container SecureJarResource(l2itemselector)
[194月2026 18:57:24.174] [main/DEBUG] [mixin/]: Instancing new MixinPlatformAgentDefault for SecureJarResource(l2itemselector)
[194月2026 18:57:24.174] [main/DEBUG] [mixin/]: MixinPlatformAgentDefault accepted container SecureJarResource(l2itemselector)
[194月2026 18:57:24.174] [main/DEBUG] [mixin/]: Processing prepare() for PlatformAgent[MixinPlatformAgentDefault:SecureJarResource(l2itemselector)]
[194月2026 18:57:24.174] [main/DEBUG] [mixin/]: Registering mixin config: l2itemselector.mixins.json
[194月2026 18:57:24.174] [main/DEBUG] [mixin/]: Adding mixin platform agents for container SecureJarResource(l2complements)
[194月2026 18:57:24.174] [main/DEBUG] [mixin/]: Instancing new MixinPlatformAgentMinecraftForge for SecureJarResource(l2complements)
[194月2026 18:57:24.174] [main/DEBUG] [mixin/]: MixinPlatformAgentMinecraftForge rejected container SecureJarResource(l2complements)
[194月2026 18:57:24.174] [main/DEBUG] [mixin/]: Instancing new MixinPlatformAgentDefault for SecureJarResource(l2complements)
[194月2026 18:57:24.189] [main/DEBUG] [mixin/]: MixinPlatformAgentDefault accepted container SecureJarResource(l2complements)
[194月2026 18:57:24.189] [main/DEBUG] [mixin/]: Processing prepare() for PlatformAgent[MixinPlatformAgentDefault:SecureJarResource(l2complements)]
[194月2026 18:57:24.189] [main/DEBUG] [mixin/]: Registering mixin config: l2complements.mixins.json
[194月2026 18:57:24.190] [main/DEBUG] [mixin/]: Adding mixin platform agents for container SecureJarResource(caelus)
[194月2026 18:57:24.190] [main/DEBUG] [mixin/]: Instancing new MixinPlatformAgentMinecraftForge for SecureJarResource(caelus)
[194月2026 18:57:24.190] [main/DEBUG] [mixin/]: MixinPlatformAgentMinecraftForge rejected container SecureJarResource(caelus)
[194月2026 18:57:24.190] [main/DEBUG] [mixin/]: Instancing new MixinPlatformAgentDefault for SecureJarResource(caelus)
[194月2026 18:57:24.190] [main/DEBUG] [mixin/]: MixinPlatformAgentDefault accepted container SecureJarResource(caelus)
[194月2026 18:57:24.190] [main/DEBUG] [mixin/]: Processing prepare() for PlatformAgent[MixinPlatformAgentDefault:SecureJarResource(caelus)]
[194月2026 18:57:24.190] [main/DEBUG] [mixin/]: Registering mixin config: caelus.mixins.json
[194月2026 18:57:24.190] [main/DEBUG] [mixin/]: Adding mixin platform agents for container SecureJarResource(forge)
[194月2026 18:57:24.190] [main/DEBUG] [mixin/]: Instancing new MixinPlatformAgentMinecraftForge for SecureJarResource(forge)
[194月2026 18:57:24.190] [main/DEBUG] [mixin/]: MixinPlatformAgentMinecraftForge rejected container SecureJarResource(forge)
[194月2026 18:57:24.190] [main/DEBUG] [mixin/]: Instancing new MixinPlatformAgentDefault for SecureJarResource(forge)
[194月2026 18:57:24.190] [main/DEBUG] [mixin/]: MixinPlatformAgentDefault accepted container SecureJarResource(forge)
[194月2026 18:57:24.190] [main/DEBUG] [mixin/]: Processing prepare() for PlatformAgent[MixinPlatformAgentDefault:SecureJarResource(forge)]
[194月2026 18:57:24.190] [main/DEBUG] [mixin/]: Adding mixin platform agents for container SecureJarResource(l2damagetracker)
[194月2026 18:57:24.190] [main/DEBUG] [mixin/]: Instancing new MixinPlatformAgentMinecraftForge for SecureJarResource(l2damagetracker)
[194月2026 18:57:24.190] [main/DEBUG] [mixin/]: MixinPlatformAgentMinecraftForge rejected container SecureJarResource(l2damagetracker)
[194月2026 18:57:24.190] [main/DEBUG] [mixin/]: Instancing new MixinPlatformAgentDefault for SecureJarResource(l2damagetracker)
[194月2026 18:57:24.190] [main/DEBUG] [mixin/]: MixinPlatformAgentDefault accepted container SecureJarResource(l2damagetracker)
[194月2026 18:57:24.190] [main/DEBUG] [mixin/]: Processing prepare() for PlatformAgent[MixinPlatformAgentDefault:SecureJarResource(l2damagetracker)]
[194月2026 18:57:24.190] [main/DEBUG] [mixin/]: Registering mixin config: l2damagetracker.mixins.json
[194月2026 18:57:24.190] [main/DEBUG] [mixin/]: Adding mixin platform agents for container SecureJarResource(curios)
[194月2026 18:57:24.190] [main/DEBUG] [mixin/]: Instancing new MixinPlatformAgentMinecraftForge for SecureJarResource(curios)
[194月2026 18:57:24.190] [main/DEBUG] [mixin/]: MixinPlatformAgentMinecraftForge rejected container SecureJarResource(curios)
[194月2026 18:57:24.190] [main/DEBUG] [mixin/]: Instancing new MixinPlatformAgentDefault for SecureJarResource(curios)
[194月2026 18:57:24.190] [main/DEBUG] [mixin/]: MixinPlatformAgentDefault accepted container SecureJarResource(curios)
[194月2026 18:57:24.190] [main/DEBUG] [mixin/]: Processing prepare() for PlatformAgent[MixinPlatformAgentDefault:SecureJarResource(curios)]
[194月2026 18:57:24.190] [main/DEBUG] [mixin/]: Registering mixin config: curios.mixins.json
[194月2026 18:57:24.190] [main/DEBUG] [mixin/]: Adding mixin platform agents for container SecureJarResource(MixinExtras.beta._8)
[194月2026 18:57:24.190] [main/DEBUG] [mixin/]: Instancing new MixinPlatformAgentMinecraftForge for SecureJarResource(MixinExtras.beta._8)
[194月2026 18:57:24.190] [main/DEBUG] [mixin/]: MixinPlatformAgentMinecraftForge rejected container SecureJarResource(MixinExtras.beta._8)
[194月2026 18:57:24.190] [main/DEBUG] [mixin/]: Instancing new MixinPlatformAgentDefault for SecureJarResource(MixinExtras.beta._8)
[194月2026 18:57:24.190] [main/DEBUG] [mixin/]: MixinPlatformAgentDefault accepted container SecureJarResource(MixinExtras.beta._8)
[194月2026 18:57:24.190] [main/DEBUG] [mixin/]: Processing prepare() for PlatformAgent[MixinPlatformAgentDefault:SecureJarResource(MixinExtras.beta._8)]
[194月2026 18:57:24.190] [main/DEBUG] [mixin/]: Adding mixin platform agents for container SecureJarResource(mclib)
[194月2026 18:57:24.190] [main/DEBUG] [mixin/]: Instancing new MixinPlatformAgentMinecraftForge for SecureJarResource(mclib)
[194月2026 18:57:24.190] [main/DEBUG] [mixin/]: MixinPlatformAgentMinecraftForge rejected container SecureJarResource(mclib)
[194月2026 18:57:24.190] [main/DEBUG] [mixin/]: Instancing new MixinPlatformAgentDefault for SecureJarResource(mclib)
[194月2026 18:57:24.190] [main/DEBUG] [mixin/]: MixinPlatformAgentDefault accepted container SecureJarResource(mclib)
[194月2026 18:57:24.190] [main/DEBUG] [mixin/]: Processing prepare() for PlatformAgent[MixinPlatformAgentDefault:SecureJarResource(mclib)]
[194月2026 18:57:24.190] [main/DEBUG] [mixin/]: Adding mixin platform agents for container SecureJarResource(l2serial)
[194月2026 18:57:24.190] [main/DEBUG] [mixin/]: Instancing new MixinPlatformAgentMinecraftForge for SecureJarResource(l2serial)
[194月2026 18:57:24.190] [main/DEBUG] [mixin/]: MixinPlatformAgentMinecraftForge rejected container SecureJarResource(l2serial)
[194月2026 18:57:24.190] [main/DEBUG] [mixin/]: Instancing new MixinPlatformAgentDefault for SecureJarResource(l2serial)
[194月2026 18:57:24.190] [main/DEBUG] [mixin/]: MixinPlatformAgentDefault accepted container SecureJarResource(l2serial)
[194月2026 18:57:24.190] [main/DEBUG] [mixin/]: Processing prepare() for PlatformAgent[MixinPlatformAgentDefault:SecureJarResource(l2serial)]
[194月2026 18:57:24.190] [main/DEBUG] [mixin/]: Adding mixin platform agents for container SecureJarResource(Registrate)
[194月2026 18:57:24.190] [main/DEBUG] [mixin/]: Instancing new MixinPlatformAgentMinecraftForge for SecureJarResource(Registrate)
[194月2026 18:57:24.190] [main/DEBUG] [mixin/]: MixinPlatformAgentMinecraftForge rejected container SecureJarResource(Registrate)
[194月2026 18:57:24.190] [main/DEBUG] [mixin/]: Instancing new MixinPlatformAgentDefault for SecureJarResource(Registrate)
[194月2026 18:57:24.190] [main/DEBUG] [mixin/]: MixinPlatformAgentDefault accepted container SecureJarResource(Registrate)
[194月2026 18:57:24.190] [main/DEBUG] [mixin/]: Processing prepare() for PlatformAgent[MixinPlatformAgentDefault:SecureJarResource(Registrate)]
[194月2026 18:57:24.190] [main/DEBUG] [mixin/]: inject() running with 21 agents
[194月2026 18:57:24.190] [main/DEBUG] [mixin/]: Processing inject() for PlatformAgent[MixinPlatformAgentDefault:ModLauncher Root Container(ModLauncher:4f56a0a2)]
[194月2026 18:57:24.190] [main/DEBUG] [mixin/]: Processing inject() for PlatformAgent[MixinPlatformAgentDefault:SecureJarResource(minecraft)]
[194月2026 18:57:24.190] [main/DEBUG] [mixin/]: Processing inject() for PlatformAgent[MixinPlatformAgentDefault:SecureJarResource(mixinextras)]
[194月2026 18:57:24.190] [main/DEBUG] [mixin/]: Processing inject() for PlatformAgent[MixinPlatformAgentDefault:SecureJarResource(osmiumsmagic)]
[194月2026 18:57:24.190] [main/DEBUG] [mixin/]: Processing inject() for PlatformAgent[MixinPlatformAgentDefault:SecureJarResource(geckolib)]
[194月2026 18:57:24.190] [main/DEBUG] [mixin/]: Processing inject() for PlatformAgent[MixinPlatformAgentDefault:SecureJarResource(playeranimator)]
[194月2026 18:57:24.190] [main/DEBUG] [mixin/]: Processing inject() for PlatformAgent[MixinPlatformAgentDefault:SecureJarResource(irons_spellbooks)]
[194月2026 18:57:24.190] [main/DEBUG] [mixin/]: Processing inject() for PlatformAgent[MixinPlatformAgentDefault:SecureJarResource(jei)]
[194月2026 18:57:24.190] [main/DEBUG] [mixin/]: Processing inject() for PlatformAgent[MixinPlatformAgentDefault:SecureJarResource(l2library)]
[194月2026 18:57:24.190] [main/DEBUG] [mixin/]: Processing inject() for PlatformAgent[MixinPlatformAgentDefault:SecureJarResource(l2screentracker)]
[194月2026 18:57:24.190] [main/DEBUG] [mixin/]: Processing inject() for PlatformAgent[MixinPlatformAgentDefault:SecureJarResource(l2tabs)]
[194月2026 18:57:24.190] [main/DEBUG] [mixin/]: Processing inject() for PlatformAgent[MixinPlatformAgentDefault:SecureJarResource(l2itemselector)]
[194月2026 18:57:24.190] [main/DEBUG] [mixin/]: Processing inject() for PlatformAgent[MixinPlatformAgentDefault:SecureJarResource(l2complements)]
[194月2026 18:57:24.190] [main/DEBUG] [mixin/]: Processing inject() for PlatformAgent[MixinPlatformAgentDefault:SecureJarResource(caelus)]
[194月2026 18:57:24.190] [main/DEBUG] [mixin/]: Processing inject() for PlatformAgent[MixinPlatformAgentDefault:SecureJarResource(forge)]
[194月2026 18:57:24.190] [main/DEBUG] [mixin/]: Processing inject() for PlatformAgent[MixinPlatformAgentDefault:SecureJarResource(l2damagetracker)]
[194月2026 18:57:24.190] [main/DEBUG] [mixin/]: Processing inject() for PlatformAgent[MixinPlatformAgentDefault:SecureJarResource(curios)]
[194月2026 18:57:24.190] [main/DEBUG] [mixin/]: Processing inject() for PlatformAgent[MixinPlatformAgentDefault:SecureJarResource(MixinExtras.beta._8)]
[194月2026 18:57:24.190] [main/DEBUG] [mixin/]: Processing inject() for PlatformAgent[MixinPlatformAgentDefault:SecureJarResource(mclib)]
[194月2026 18:57:24.190] [main/DEBUG] [mixin/]: Processing inject() for PlatformAgent[MixinPlatformAgentDefault:SecureJarResource(l2serial)]
[194月2026 18:57:24.190] [main/DEBUG] [mixin/]: Processing inject() for PlatformAgent[MixinPlatformAgentDefault:SecureJarResource(Registrate)]
[194月2026 18:57:24.190] [main/INFO] [cpw.mods.modlauncher.LaunchServiceHandler/MODLAUNCHER]: Launching target 'forgedatauserdev' with arguments [--gameDir, ., --assetsDir, C:\Users\tungs\.gradle\caches\forge_gradle\assets, --assetIndex, 5, --mod, osmiumsmagic, --all, --output, C:\Users\tungs\Downloads\Osmium's_Magic-Iron's_Spellbooks_Addon_1.20.1\src\generated\resources, --existing, C:\Users\tungs\Downloads\Osmium's_Magic-Iron's_Spellbooks_Addon_1.20.1\src\main\resources]
[194月2026 18:57:24.281] [main/DEBUG] [mixin/]: Error cleaning class output directory: .mixin.out
[194月2026 18:57:24.283] [main/DEBUG] [mixin/]: Preparing mixins for MixinEnvironment[DEFAULT]
[194月2026 18:57:24.283] [main/DEBUG] [mixin/]: Selecting config mixinextras.init.mixins.json
[194月2026 18:57:24.318] [main/DEBUG] [mixin/]: Registering new injector for @Inject with org.spongepowered.asm.mixin.injection.struct.CallbackInjectionInfo
[194月2026 18:57:24.318] [main/DEBUG] [mixin/]: Registering new injector for @ModifyArg with org.spongepowered.asm.mixin.injection.struct.ModifyArgInjectionInfo
[194月2026 18:57:24.318] [main/DEBUG] [mixin/]: Registering new injector for @ModifyArgs with org.spongepowered.asm.mixin.injection.struct.ModifyArgsInjectionInfo
[194月2026 18:57:24.318] [main/DEBUG] [mixin/]: Registering new injector for @Redirect with org.spongepowered.asm.mixin.injection.struct.RedirectInjectionInfo
[194月2026 18:57:24.318] [main/DEBUG] [mixin/]: Registering new injector for @ModifyVariable with org.spongepowered.asm.mixin.injection.struct.ModifyVariableInjectionInfo
[194月2026 18:57:24.318] [main/DEBUG] [mixin/]: Registering new injector for @ModifyConstant with org.spongepowered.asm.mixin.injection.struct.ModifyConstantInjectionInfo
[194月2026 18:57:24.318] [main/DEBUG] [mixin/]: Registering new injector for @ModifyExpressionValue with com.llamalad7.mixinextras.injector.ModifyExpressionValueInjectionInfo
[194月2026 18:57:24.334] [main/DEBUG] [mixin/]: Registering new injector for @ModifyReceiver with com.llamalad7.mixinextras.injector.ModifyReceiverInjectionInfo
[194月2026 18:57:24.334] [main/DEBUG] [mixin/]: Registering new injector for @ModifyReturnValue with com.llamalad7.mixinextras.injector.ModifyReturnValueInjectionInfo
[194月2026 18:57:24.334] [main/DEBUG] [mixin/]: Registering new injector for @WrapOperation with com.llamalad7.mixinextras.injector.wrapoperation.WrapOperationInjectionInfo
[194月2026 18:57:24.334] [main/DEBUG] [mixin/]: Registering new injector for @WrapWithCondition with com.llamalad7.mixinextras.injector.WrapWithConditionInjectionInfo
[194月2026 18:57:24.346] [main/DEBUG] [mixin/]: Registering new injector for @SugarWrapper with com.llamalad7.mixinextras.sugar.impl.SugarWrapperInjectionInfo
[194月2026 18:57:24.368] [main/DEBUG] [mixin/]: Selecting config geckolib.mixins.json
[194月2026 18:57:24.548] [main/INFO] [mixin/]: Remapping refMap geckolib.refmap.json using C:\Users\tungs\Downloads\Osmium's_Magic-Iron's_Spellbooks_Addon_1.20.1\build\createSrgToMcp\output.srg
[194月2026 18:57:24.548] [main/DEBUG] [mixin/]: Selecting config playerAnimator-common.mixins.json
[194月2026 18:57:24.555] [main/INFO] [mixin/]: Remapping refMap player-animation-lib-minecraft_common-refmap.json using C:\Users\tungs\Downloads\Osmium's_Magic-Iron's_Spellbooks_Addon_1.20.1\build\createSrgToMcp\output.srg
[194月2026 18:57:24.555] [main/DEBUG] [mixin/]: Selecting config mixins.irons_spellbooks.json
[194月2026 18:57:24.555] [main/INFO] [mixin/]: Remapping refMap irons_spellbooks.refmap.json using C:\Users\tungs\Downloads\Osmium's_Magic-Iron's_Spellbooks_Addon_1.20.1\build\createSrgToMcp\output.srg
[194月2026 18:57:24.555] [main/DEBUG] [mixin/]: Selecting config l2library.mixins.json
[194月2026 18:57:24.555] [main/INFO] [mixin/]: Remapping refMap l2library.refmap.json using C:\Users\tungs\Downloads\Osmium's_Magic-Iron's_Spellbooks_Addon_1.20.1\build\createSrgToMcp\output.srg
[194月2026 18:57:24.555] [main/DEBUG] [mixin/]: Selecting config l2screentracker.mixins.json
[194月2026 18:57:24.559] [main/INFO] [mixin/]: Remapping refMap l2screentracker.refmap.json using C:\Users\tungs\Downloads\Osmium's_Magic-Iron's_Spellbooks_Addon_1.20.1\build\createSrgToMcp\output.srg
[194月2026 18:57:24.559] [main/DEBUG] [mixin/]: Selecting config l2tabs.mixins.json
[194月2026 18:57:24.560] [main/INFO] [mixin/]: Remapping refMap l2tabs.refmap.json using C:\Users\tungs\Downloads\Osmium's_Magic-Iron's_Spellbooks_Addon_1.20.1\build\createSrgToMcp\output.srg
[194月2026 18:57:24.560] [main/DEBUG] [mixin/]: Selecting config l2itemselector.mixins.json
[194月2026 18:57:24.561] [main/WARN] [mixin/]: Reference map 'itemselector.refmap.json' for l2itemselector.mixins.json could not be read. If this is a development environment you can ignore this message
[194月2026 18:57:24.561] [main/DEBUG] [mixin/]: Selecting config l2complements.mixins.json
[194月2026 18:57:24.561] [main/INFO] [mixin/]: Remapping refMap l2complements.refmap.json using C:\Users\tungs\Downloads\Osmium's_Magic-Iron's_Spellbooks_Addon_1.20.1\build\createSrgToMcp\output.srg
[194月2026 18:57:24.561] [main/DEBUG] [mixin/]: Selecting config caelus.mixins.json
[194月2026 18:57:24.564] [main/INFO] [mixin/]: Remapping refMap caelus.refmap.json using C:\Users\tungs\Downloads\Osmium's_Magic-Iron's_Spellbooks_Addon_1.20.1\build\createSrgToMcp\output.srg
[194月2026 18:57:24.564] [main/DEBUG] [mixin/]: Selecting config l2damagetracker.mixins.json
[194月2026 18:57:24.564] [main/INFO] [mixin/]: Remapping refMap l2damagetracker.refmap.json using C:\Users\tungs\Downloads\Osmium's_Magic-Iron's_Spellbooks_Addon_1.20.1\build\createSrgToMcp\output.srg
[194月2026 18:57:24.564] [main/DEBUG] [mixin/]: Selecting config curios.mixins.json
[194月2026 18:57:24.566] [main/INFO] [mixin/]: Remapping refMap curios.refmap.json using C:\Users\tungs\Downloads\Osmium's_Magic-Iron's_Spellbooks_Addon_1.20.1\build\createSrgToMcp\output.srg
[194月2026 18:57:24.566] [main/DEBUG] [mixin/]: Preparing mixinextras.init.mixins.json (0)
[194月2026 18:57:24.566] [main/DEBUG] [mixin/]: Preparing geckolib.mixins.json (1)
[194月2026 18:57:24.594] [main/DEBUG] [mixin/]: Preparing playerAnimator-common.mixins.json (14)
[194月2026 18:57:24.648] [main/DEBUG] [mixin/]: Preparing mixins.irons_spellbooks.json (20)
[194月2026 18:57:24.680] [main/DEBUG] [net.minecraftforge.coremod.transformer.CoreModBaseTransformer/COREMOD]: Transforming net/minecraft/world/item/ItemStack
[194月2026 18:57:24.748] [main/DEBUG] [mixin/]: Preparing l2library.mixins.json (4)
[194月2026 18:57:24.750] [main/DEBUG] [mixin/]: Preparing l2screentracker.mixins.json (3)
[194月2026 18:57:24.763] [main/DEBUG] [mixin/]: Preparing l2tabs.mixins.json (1)
[194月2026 18:57:24.765] [main/DEBUG] [mixin/]: Preparing l2itemselector.mixins.json (0)
[194月2026 18:57:24.765] [main/DEBUG] [mixin/]: Preparing l2complements.mixins.json (14)
[194月2026 18:57:24.781] [main/DEBUG] [mixin/]: Preparing caelus.mixins.json (4)
[194月2026 18:57:24.785] [main/DEBUG] [mixin/]: Preparing l2damagetracker.mixins.json (1)
[194月2026 18:57:24.785] [main/DEBUG] [mixin/]: Preparing curios.mixins.json (13)
[194月2026 18:57:24.826] [main/DEBUG] [mixin/]: Prepared 74 mixins in 0.541 sec (7.3ms avg) (0ms load, 0ms transform, 0ms plugin)
[194月2026 18:57:24.946] [main/DEBUG] [io.netty.util.internal.logging.InternalLoggerFactory/]: Using SLF4J as the default logging framework
[194月2026 18:57:24.957] [main/DEBUG] [io.netty.util.ResourceLeakDetector/]: -Dio.netty.leakDetection.level: simple
[194月2026 18:57:24.957] [main/DEBUG] [io.netty.util.ResourceLeakDetector/]: -Dio.netty.leakDetection.targetRecords: 4
[194月2026 18:57:25.161] [main/INFO] [net.minecraftforge.data.loading.DatagenModLoader/]: Initializing Data Gatherer for mods [osmiumsmagic]
[194月2026 18:57:25.261] [main/DEBUG] [mixin/]: Mixing BlockBehaviorMixin from l2complements.mixins.json into net.minecraft.world.level.block.state.BlockBehaviour
[194月2026 18:57:25.343] [main/DEBUG] [mixin/]: Mixing EntityMixin from mixins.irons_spellbooks.json into net.minecraft.world.entity.Entity
[194月2026 18:57:25.355] [main/DEBUG] [mixin/]: Mixing ClientEntityMixin from mixins.irons_spellbooks.json into net.minecraft.world.entity.Entity
[194月2026 18:57:25.355] [main/DEBUG] [mixin/]: Mixing EntityMixin from l2library.mixins.json into net.minecraft.world.entity.Entity
[194月2026 18:57:25.355] [main/DEBUG] [mixin/]: l2library.mixins.json:EntityMixin: Class version 61 required is higher than the class version supported by the current version of Mixin (JAVA_16 supports class version 60)
[194月2026 18:57:25.355] [main/DEBUG] [mixin/]: Mixing EntityMixin from l2complements.mixins.json into net.minecraft.world.entity.Entity
[194月2026 18:57:25.355] [main/DEBUG] [mixin/]: Mixing AccessorEntity from curios.mixins.json into net.minecraft.world.entity.Entity
[194月2026 18:57:25.437] [main/DEBUG] [mixin/]: Mixing LivingEntityMixin from mixins.irons_spellbooks.json into net.minecraft.world.entity.LivingEntity
[194月2026 18:57:25.439] [main/DEBUG] [mixin/]: Renaming synthetic method lambda$static$1(Lnet/minecraft/world/entity/ai/attributes/Attribute;)Z to mde543ad$lambda$static$1$0 in mixins.irons_spellbooks.json:LivingEntityMixin
[194月2026 18:57:25.439] [main/DEBUG] [mixin/]: Renaming synthetic method lambda$static$0(Lnet/minecraft/world/entity/ai/attributes/Attribute;)Z to mde543ad$lambda$static$0$1 in mixins.irons_spellbooks.json:LivingEntityMixin
[194月2026 18:57:25.452] [main/DEBUG] [mixin/]: Mixing LivingEntityMixin from l2complements.mixins.json into net.minecraft.world.entity.LivingEntity
[194月2026 18:57:25.458] [main/DEBUG] [mixin/]: Mixing MixinLivingEntity from caelus.mixins.json into net.minecraft.world.entity.LivingEntity
[194月2026 18:57:25.459] [main/DEBUG] [mixin/]: Mixing MixinLivingEntity from curios.mixins.json into net.minecraft.world.entity.LivingEntity
[194月2026 18:57:25.479] [main/DEBUG] [net.minecraftforge.coremod.transformer.CoreModBaseTransformer/COREMOD]: Transforming net/minecraft/world/entity/EntityType
[194月2026 18:57:25.648] [main/DEBUG] [mixin/]: Mixing ItemEntityMixin from l2complements.mixins.json into net.minecraft.world.entity.item.ItemEntity
[194月2026 18:57:25.679] [main/DEBUG] [mixin/]: Mixing PlayerEntityMixin from playerAnimator-common.mixins.json into net.minecraft.world.entity.player.Player
[194月2026 18:57:25.679] [main/DEBUG] [mixin/]: playerAnimator-common.mixins.json:PlayerEntityMixin: Class version 61 required is higher than the class version supported by the current version of Mixin (JAVA_16 supports class version 60)
[194月2026 18:57:25.686] [main/DEBUG] [mixin/]: Mixing PlayerMixin from mixins.irons_spellbooks.json into net.minecraft.world.entity.player.Player
[194月2026 18:57:25.708] [main/DEBUG] [mixin/]: Mixing LevelAccessor from l2complements.mixins.json into net.minecraft.world.level.Level
[194月2026 18:57:25.773] [main/DEBUG] [mixin/]: Mixing ItemMixin from mixins.irons_spellbooks.json into net.minecraft.world.item.Item
[194月2026 18:57:25.775] [main/DEBUG] [mixin/]: Mixing ItemMixin from l2complements.mixins.json into net.minecraft.world.item.Item
[194月2026 18:57:25.809] [main/DEBUG] [net.minecraftforge.coremod.transformer.CoreModBaseTransformer/COREMOD]: Transforming net/minecraft/world/entity/EntityType
[194月2026 18:57:25.839] [main/DEBUG] [mixin/]: Mixing MobEffectMixin from mixins.irons_spellbooks.json into net.minecraft.world.effect.MobEffect
[194月2026 18:57:26.054] [main/DEBUG] [net.minecraftforge.coremod.transformer.CoreModBaseTransformer/COREMOD]: Transforming net/minecraft/world/level/block/LiquidBlock
[194月2026 18:57:26.075] [main/DEBUG] [net.minecraftforge.coremod.transformer.CoreModBaseTransformer/COREMOD]: Transforming net/minecraft/world/level/block/StairBlock
[194月2026 18:57:26.107] [main/DEBUG] [net.minecraftforge.coremod.transformer.CoreModBaseTransformer/COREMOD]: Transforming net/minecraft/world/level/block/FlowerPotBlock
[194月2026 18:57:26.130] [main/DEBUG] [mixin/]: Mixing AnvilBlockMixin from l2complements.mixins.json into net.minecraft.world.level.block.AnvilBlock
[194月2026 18:57:26.193] [main/DEBUG] [mixin/]: Mixing MixinPowderSnowBlock from curios.mixins.json into net.minecraft.world.level.block.PowderSnowBlock
[194月2026 18:57:26.488] [main/DEBUG] [mixin/]: Mixing ServerPlayerMixin from l2screentracker.mixins.json into net.minecraft.server.level.ServerPlayer
[194月2026 18:57:26.496] [main/DEBUG] [mixin/]: Mixing AttributesMixin from mixins.irons_spellbooks.json into net.minecraft.world.entity.ai.attributes.Attributes
[194月2026 18:57:26.640] [main/DEBUG] [mixin/]: Mixing AbstractArrowMixin from l2library.mixins.json into net.minecraft.world.entity.projectile.AbstractArrow
[194月2026 18:57:26.640] [main/DEBUG] [mixin/]: l2library.mixins.json:AbstractArrowMixin: Class version 61 required is higher than the class version supported by the current version of Mixin (JAVA_16 supports class version 60)
[194月2026 18:57:26.733] [main/DEBUG] [net.minecraftforge.coremod.transformer.CoreModBaseTransformer/COREMOD]: Transforming net/minecraft/world/item/ItemStack
[194月2026 18:57:26.733] [main/DEBUG] [mixin/]: Mixing ItemStackMixin from mixins.irons_spellbooks.json into net.minecraft.world.item.ItemStack
[194月2026 18:57:26.733] [main/DEBUG] [mixin/]: Mixing ItemStackMixin from l2complements.mixins.json into net.minecraft.world.item.ItemStack
[194月2026 18:57:26.733] [main/DEBUG] [mixin/]: Renaming synthetic method lambda$l2complements_hurtAndBreak_lifeSync$0(Lnet/minecraft/world/entity/LivingEntity;I)V to mde543ad$lambda$l2complements_hurtAndBreak_lifeSync$0$0 in l2complements.mixins.json:ItemStackMixin
[194月2026 18:57:27.149] [main/DEBUG] [net.minecraftforge.coremod.transformer.CoreModBaseTransformer/COREMOD]: Transforming net/minecraft/world/entity/animal/frog/Tadpole
[194月2026 18:57:27.202] [main/DEBUG] [net.minecraftforge.coremod.transformer.CoreModBaseTransformer/COREMOD]: Transforming net/minecraft/world/item/BucketItem
[194月2026 18:57:27.224] [main/DEBUG] [mixin/]: Mixing MixinShearsItem from curios.mixins.json into net.minecraft.world.item.ShearsItem
[194月2026 18:57:27.249] [main/DEBUG] [mixin/]: Mixing TridentItemMixin from mixins.irons_spellbooks.json into net.minecraft.world.item.TridentItem
[194月2026 18:57:27.855] [main/DEBUG] [net.minecraftforge.coremod.transformer.CoreModBaseTransformer/COREMOD]: Transforming net/minecraft/world/entity/monster/Spider
[194月2026 18:57:27.879] [main/DEBUG] [mixin/]: Mixing CreeperMixin from mixins.irons_spellbooks.json into net.minecraft.world.entity.monster.Creeper
[194月2026 18:57:27.895] [main/DEBUG] [net.minecraftforge.coremod.transformer.CoreModBaseTransformer/COREMOD]: Transforming net/minecraft/world/entity/monster/Zombie
[194月2026 18:57:27.916] [main/DEBUG] [net.minecraftforge.coremod.transformer.CoreModBaseTransformer/COREMOD]: Transforming net/minecraft/world/entity/monster/ZombieVillager
[194月2026 18:57:27.964] [main/DEBUG] [net.minecraftforge.coremod.transformer.CoreModBaseTransformer/COREMOD]: Transforming net/minecraft/world/entity/monster/Evoker$EvokerSummonSpellGoal
[194月2026 18:57:28.062] [main/DEBUG] [net.minecraftforge.coremod.transformer.CoreModBaseTransformer/COREMOD]: Transforming net/minecraft/world/entity/animal/horse/SkeletonTrapGoal
[194月2026 18:57:28.077] [main/DEBUG] [net.minecraftforge.coremod.transformer.CoreModBaseTransformer/COREMOD]: Transforming net/minecraft/world/entity/monster/Strider
[194月2026 18:57:28.182] [main/DEBUG] [net.minecraftforge.coremod.transformer.CoreModBaseTransformer/COREMOD]: Transforming net/minecraft/world/entity/npc/Villager
[194月2026 18:57:28.258] [main/DEBUG] [net.minecraftforge.coremod.transformer.CoreModBaseTransformer/COREMOD]: Transforming net/minecraft/world/effect/MobEffectInstance
[194月2026 18:57:28.363] [main/DEBUG] [mixin/]: Mixing MixinInventory from curios.mixins.json into net.minecraft.world.entity.player.Inventory
[194月2026 18:57:28.458] [main/DEBUG] [mixin/]: Mixing MixinApplyBonusCount from curios.mixins.json into net.minecraft.world.level.storage.loot.functions.ApplyBonusCount
[194月2026 18:57:28.629] [main/DEBUG] [net.minecraftforge.coremod.transformer.CoreModBaseTransformer/COREMOD]: Transforming net/minecraft/world/level/levelgen/structure/Structure
[194月2026 18:57:28.677] [main/DEBUG] [net.minecraftforge.coremod.transformer.CoreModBaseTransformer/COREMOD]: Transforming net/minecraft/world/level/levelgen/structure/structures/OceanRuinPieces$OceanRuinPiece
[194月2026 18:57:28.677] [main/DEBUG] [net.minecraftforge.coremod.transformer.CoreModBaseTransformer/COREMOD]: Transforming net/minecraft/world/level/levelgen/structure/structures/SwampHutPiece
[194月2026 18:57:28.677] [main/DEBUG] [net.minecraftforge.coremod.transformer.CoreModBaseTransformer/COREMOD]: Transforming net/minecraft/world/level/levelgen/structure/structures/OceanMonumentPieces$OceanMonumentPiece
[194月2026 18:57:28.702] [main/DEBUG] [net.minecraftforge.coremod.transformer.CoreModBaseTransformer/COREMOD]: Transforming net/minecraft/world/level/levelgen/structure/structures/WoodlandMansionPieces$WoodlandMansionPiece
[194月2026 18:57:28.768] [main/DEBUG] [net.minecraftforge.coremod.transformer.CoreModBaseTransformer/COREMOD]: Transforming net/minecraft/world/level/biome/Biome
[194月2026 18:57:28.900] [main/DEBUG] [net.minecraftforge.registries.GameData/REGISTRIES]: Creating vanilla freeze snapshot
[194月2026 18:57:28.900] [main/DEBUG] [net.minecraftforge.registries.ForgeRegistry/REGISTRIES]: Registry minecraft:block Sync: VANILLA -> ACTIVE
[194月2026 18:57:28.906] [main/DEBUG] [net.minecraftforge.registries.ForgeRegistry/REGISTRIES]: Registry minecraft:fluid Sync: VANILLA -> ACTIVE
[194月2026 18:57:28.906] [main/DEBUG] [net.minecraftforge.registries.ForgeRegistry/REGISTRIES]: Registry minecraft:item Sync: VANILLA -> ACTIVE
[194月2026 18:57:28.916] [main/DEBUG] [net.minecraftforge.registries.ForgeRegistry/REGISTRIES]: Registry minecraft:mob_effect Sync: VANILLA -> ACTIVE
[194月2026 18:57:28.916] [main/DEBUG] [net.minecraftforge.registries.ForgeRegistry/REGISTRIES]: Registry minecraft:sound_event Sync: VANILLA -> ACTIVE
[194月2026 18:57:28.916] [main/DEBUG] [net.minecraftforge.registries.ForgeRegistry/REGISTRIES]: Registry minecraft:potion Sync: VANILLA -> ACTIVE
[194月2026 18:57:28.916] [main/DEBUG] [net.minecraftforge.registries.ForgeRegistry/REGISTRIES]: Registry minecraft:enchantment Sync: VANILLA -> ACTIVE
[194月2026 18:57:28.916] [main/DEBUG] [net.minecraftforge.registries.ForgeRegistry/REGISTRIES]: Registry minecraft:entity_type Sync: VANILLA -> ACTIVE
[194月2026 18:57:28.916] [main/DEBUG] [net.minecraftforge.registries.ForgeRegistry/REGISTRIES]: Registry minecraft:block_entity_type Sync: VANILLA -> ACTIVE
[194月2026 18:57:28.916] [main/DEBUG] [net.minecraftforge.registries.ForgeRegistry/REGISTRIES]: Registry minecraft:particle_type Sync: VANILLA -> ACTIVE
[194月2026 18:57:28.916] [main/DEBUG] [net.minecraftforge.registries.ForgeRegistry/REGISTRIES]: Registry minecraft:menu Sync: VANILLA -> ACTIVE
[194月2026 18:57:28.916] [main/DEBUG] [net.minecraftforge.registries.ForgeRegistry/REGISTRIES]: Registry minecraft:painting_variant Sync: VANILLA -> ACTIVE
[194月2026 18:57:28.916] [main/DEBUG] [net.minecraftforge.registries.ForgeRegistry/REGISTRIES]: Registry minecraft:recipe_type Sync: VANILLA -> ACTIVE
[194月2026 18:57:28.916] [main/DEBUG] [net.minecraftforge.registries.ForgeRegistry/REGISTRIES]: Registry minecraft:recipe_serializer Sync: VANILLA -> ACTIVE
[194月2026 18:57:28.916] [main/DEBUG] [net.minecraftforge.registries.ForgeRegistry/REGISTRIES]: Registry minecraft:attribute Sync: VANILLA -> ACTIVE
[194月2026 18:57:28.916] [main/DEBUG] [net.minecraftforge.registries.ForgeRegistry/REGISTRIES]: Registry minecraft:stat_type Sync: VANILLA -> ACTIVE
[194月2026 18:57:28.916] [main/DEBUG] [net.minecraftforge.registries.ForgeRegistry/REGISTRIES]: Registry minecraft:command_argument_type Sync: VANILLA -> ACTIVE
[194月2026 18:57:28.916] [main/DEBUG] [net.minecraftforge.registries.ForgeRegistry/REGISTRIES]: Registry minecraft:villager_profession Sync: VANILLA -> ACTIVE
[194月2026 18:57:28.916] [main/DEBUG] [net.minecraftforge.registries.ForgeRegistry/REGISTRIES]: Registry minecraft:point_of_interest_type Sync: VANILLA -> ACTIVE
[194月2026 18:57:28.916] [main/DEBUG] [net.minecraftforge.registries.ForgeRegistry/REGISTRIES]: Registry minecraft:memory_module_type Sync: VANILLA -> ACTIVE
[194月2026 18:57:28.916] [main/DEBUG] [net.minecraftforge.registries.ForgeRegistry/REGISTRIES]: Registry minecraft:sensor_type Sync: VANILLA -> ACTIVE
[194月2026 18:57:28.916] [main/DEBUG] [net.minecraftforge.registries.ForgeRegistry/REGISTRIES]: Registry minecraft:schedule Sync: VANILLA -> ACTIVE
[194月2026 18:57:28.916] [main/DEBUG] [net.minecraftforge.registries.ForgeRegistry/REGISTRIES]: Registry minecraft:activity Sync: VANILLA -> ACTIVE
[194月2026 18:57:28.916] [main/DEBUG] [net.minecraftforge.registries.ForgeRegistry/REGISTRIES]: Registry minecraft:worldgen/carver Sync: VANILLA -> ACTIVE
[194月2026 18:57:28.916] [main/DEBUG] [net.minecraftforge.registries.ForgeRegistry/REGISTRIES]: Registry minecraft:worldgen/feature Sync: VANILLA -> ACTIVE
[194月2026 18:57:28.916] [main/DEBUG] [net.minecraftforge.registries.ForgeRegistry/REGISTRIES]: Registry minecraft:chunk_status Sync: VANILLA -> ACTIVE
[194月2026 18:57:28.916] [main/DEBUG] [net.minecraftforge.registries.ForgeRegistry/REGISTRIES]: Registry minecraft:worldgen/block_state_provider_type Sync: VANILLA -> ACTIVE
[194月2026 18:57:28.916] [main/DEBUG] [net.minecraftforge.registries.ForgeRegistry/REGISTRIES]: Registry minecraft:worldgen/foliage_placer_type Sync: VANILLA -> ACTIVE
[194月2026 18:57:28.916] [main/DEBUG] [net.minecraftforge.registries.ForgeRegistry/REGISTRIES]: Registry minecraft:worldgen/tree_decorator_type Sync: VANILLA -> ACTIVE
[194月2026 18:57:28.916] [main/DEBUG] [net.minecraftforge.registries.ForgeRegistry/REGISTRIES]: Registry minecraft:worldgen/biome Sync: VANILLA -> ACTIVE
[194月2026 18:57:28.928] [main/DEBUG] [net.minecraftforge.registries.GameData/REGISTRIES]: Vanilla freeze snapshot created
[194月2026 18:57:28.964] [main/DEBUG] [net.minecraftforge.fml.ModWorkManager/LOADING]: Using 16 threads for parallel mod-loading
[194月2026 18:57:28.970] [main/DEBUG] [net.minecraftforge.fml.javafmlmod.FMLJavaModLanguageProvider/LOADING]: Loading FMLModContainer from classloader cpw.mods.modlauncher.TransformingClassLoader@7d979d34 - got cpw.mods.cl.ModuleClassLoader@25d3cfc8
[194月2026 18:57:28.972] [main/DEBUG] [net.minecraftforge.fml.javafmlmod.FMLModContainer/LOADING]: Creating FMLModContainer instance for com.llamalad7.mixinextras.platform.forge.MixinExtrasMod
[194月2026 18:57:28.973] [main/DEBUG] [net.minecraftforge.fml.javafmlmod.FMLJavaModLanguageProvider/LOADING]: Loading FMLModContainer from classloader cpw.mods.modlauncher.TransformingClassLoader@7d979d34 - got cpw.mods.cl.ModuleClassLoader@25d3cfc8
[194月2026 18:57:28.973] [main/DEBUG] [net.minecraftforge.fml.javafmlmod.FMLModContainer/LOADING]: Creating FMLModContainer instance for com.Osmium.OsmiumsMagic.Main.Osmiumsmagic
[194月2026 18:57:28.973] [main/DEBUG] [net.minecraftforge.fml.javafmlmod.FMLJavaModLanguageProvider/LOADING]: Loading FMLModContainer from classloader cpw.mods.modlauncher.TransformingClassLoader@7d979d34 - got cpw.mods.cl.ModuleClassLoader@25d3cfc8
[194月2026 18:57:28.973] [main/DEBUG] [net.minecraftforge.fml.javafmlmod.FMLModContainer/LOADING]: Creating FMLModContainer instance for software.bernie.example.GeckoLibMod
[194月2026 18:57:28.973] [main/DEBUG] [net.minecraftforge.fml.javafmlmod.FMLJavaModLanguageProvider/LOADING]: Loading FMLModContainer from classloader cpw.mods.modlauncher.TransformingClassLoader@7d979d34 - got cpw.mods.cl.ModuleClassLoader@25d3cfc8
[194月2026 18:57:28.973] [main/DEBUG] [net.minecraftforge.fml.javafmlmod.FMLModContainer/LOADING]: Creating FMLModContainer instance for dev.kosmx.playerAnim.forge.ForgeModInterface
[194月2026 18:57:28.973] [main/DEBUG] [net.minecraftforge.fml.javafmlmod.FMLJavaModLanguageProvider/LOADING]: Loading FMLModContainer from classloader cpw.mods.modlauncher.TransformingClassLoader@7d979d34 - got cpw.mods.cl.ModuleClassLoader@25d3cfc8
[194月2026 18:57:28.973] [main/DEBUG] [net.minecraftforge.fml.javafmlmod.FMLModContainer/LOADING]: Creating FMLModContainer instance for io.redspace.ironsspellbooks.IronsSpellbooks
[194月2026 18:57:28.973] [main/DEBUG] [net.minecraftforge.fml.javafmlmod.FMLJavaModLanguageProvider/LOADING]: Loading FMLModContainer from classloader cpw.mods.modlauncher.TransformingClassLoader@7d979d34 - got cpw.mods.cl.ModuleClassLoader@25d3cfc8
[194月2026 18:57:28.973] [main/DEBUG] [net.minecraftforge.fml.javafmlmod.FMLModContainer/LOADING]: Creating FMLModContainer instance for mezz.jei.forge.JustEnoughItems
[194月2026 18:57:28.973] [main/DEBUG] [net.minecraftforge.fml.javafmlmod.FMLJavaModLanguageProvider/LOADING]: Loading FMLModContainer from classloader cpw.mods.modlauncher.TransformingClassLoader@7d979d34 - got cpw.mods.cl.ModuleClassLoader@25d3cfc8
[194月2026 18:57:28.973] [main/DEBUG] [net.minecraftforge.fml.javafmlmod.FMLModContainer/LOADING]: Creating FMLModContainer instance for dev.xkmc.l2library.init.L2Library
[194月2026 18:57:28.973] [main/DEBUG] [net.minecraftforge.fml.javafmlmod.FMLJavaModLanguageProvider/LOADING]: Loading FMLModContainer from classloader cpw.mods.modlauncher.TransformingClassLoader@7d979d34 - got cpw.mods.cl.ModuleClassLoader@25d3cfc8
[194月2026 18:57:28.973] [main/DEBUG] [net.minecraftforge.fml.javafmlmod.FMLModContainer/LOADING]: Creating FMLModContainer instance for dev.xkmc.l2screentracker.init.L2ScreenTracker
[194月2026 18:57:28.973] [main/DEBUG] [net.minecraftforge.fml.javafmlmod.FMLJavaModLanguageProvider/LOADING]: Loading FMLModContainer from classloader cpw.mods.modlauncher.TransformingClassLoader@7d979d34 - got cpw.mods.cl.ModuleClassLoader@25d3cfc8
[194月2026 18:57:28.973] [main/DEBUG] [net.minecraftforge.fml.javafmlmod.FMLModContainer/LOADING]: Creating FMLModContainer instance for dev.xkmc.l2tabs.init.L2Tabs
[194月2026 18:57:28.973] [main/DEBUG] [net.minecraftforge.fml.javafmlmod.FMLJavaModLanguageProvider/LOADING]: Loading FMLModContainer from classloader cpw.mods.modlauncher.TransformingClassLoader@7d979d34 - got cpw.mods.cl.ModuleClassLoader@25d3cfc8
[194月2026 18:57:28.973] [main/DEBUG] [net.minecraftforge.fml.javafmlmod.FMLModContainer/LOADING]: Creating FMLModContainer instance for dev.xkmc.l2itemselector.init.L2ItemSelector
[194月2026 18:57:28.973] [main/DEBUG] [net.minecraftforge.fml.javafmlmod.FMLJavaModLanguageProvider/LOADING]: Loading FMLModContainer from classloader cpw.mods.modlauncher.TransformingClassLoader@7d979d34 - got cpw.mods.cl.ModuleClassLoader@25d3cfc8
[194月2026 18:57:28.973] [main/DEBUG] [net.minecraftforge.fml.javafmlmod.FMLModContainer/LOADING]: Creating FMLModContainer instance for dev.xkmc.l2complements.init.L2Complements
[194月2026 18:57:28.973] [main/DEBUG] [net.minecraftforge.fml.javafmlmod.FMLJavaModLanguageProvider/LOADING]: Loading FMLModContainer from classloader cpw.mods.modlauncher.TransformingClassLoader@7d979d34 - got cpw.mods.cl.ModuleClassLoader@25d3cfc8
[194月2026 18:57:28.973] [main/DEBUG] [net.minecraftforge.fml.javafmlmod.FMLModContainer/LOADING]: Creating FMLModContainer instance for top.theillusivec4.caelus.Caelus
[194月2026 18:57:28.973] [main/DEBUG] [net.minecraftforge.fml.javafmlmod.FMLJavaModLanguageProvider/LOADING]: Loading FMLModContainer from classloader cpw.mods.modlauncher.TransformingClassLoader@7d979d34 - got cpw.mods.cl.ModuleClassLoader@25d3cfc8
[194月2026 18:57:28.973] [main/DEBUG] [net.minecraftforge.fml.javafmlmod.FMLModContainer/LOADING]: Creating FMLModContainer instance for net.minecraftforge.common.ForgeMod
[194月2026 18:57:28.973] [main/DEBUG] [net.minecraftforge.fml.javafmlmod.FMLJavaModLanguageProvider/LOADING]: Loading FMLModContainer from classloader cpw.mods.modlauncher.TransformingClassLoader@7d979d34 - got cpw.mods.cl.ModuleClassLoader@25d3cfc8
[194月2026 18:57:28.973] [main/DEBUG] [net.minecraftforge.fml.javafmlmod.FMLModContainer/LOADING]: Creating FMLModContainer instance for dev.xkmc.l2damagetracker.init.L2DamageTracker
[194月2026 18:57:28.973] [main/DEBUG] [net.minecraftforge.fml.javafmlmod.FMLJavaModLanguageProvider/LOADING]: Loading FMLModContainer from classloader cpw.mods.modlauncher.TransformingClassLoader@7d979d34 - got cpw.mods.cl.ModuleClassLoader@25d3cfc8
[194月2026 18:57:28.973] [main/DEBUG] [net.minecraftforge.fml.javafmlmod.FMLModContainer/LOADING]: Creating FMLModContainer instance for top.theillusivec4.curios.Curios
[194月2026 18:57:28.999] [modloading-worker-0/DEBUG] [net.minecraftforge.fml.javafmlmod.AutomaticEventSubscriber/LOADING]: Attempting to inject @EventBusSubscriber classes into the eventbus for playeranimator
[194月2026 18:57:28.999] [modloading-worker-0/DEBUG] [net.minecraftforge.fml.javafmlmod.AutomaticEventSubscriber/LOADING]: Attempting to inject @EventBusSubscriber classes into the eventbus for mixinextras
[194月2026 18:57:29.003] [modloading-worker-0/DEBUG] [mixin/]: Mixing MixinCaelusApi from caelus.mixins.json into top.theillusivec4.caelus.api.CaelusApi
[194月2026 18:57:29.012] [modloading-worker-0/DEBUG] [net.minecraftforge.fml.javafmlmod.AutomaticEventSubscriber/LOADING]: Auto-subscribing dev.kosmx.playerAnim.forge.ForgeClientEvent to MOD
[194月2026 18:57:29.021] [modloading-worker-0/DEBUG] [mixin/]: Mixing MinecraftMixin from mixins.irons_spellbooks.json into net.minecraft.client.Minecraft
[194月2026 18:57:29.044] [modloading-worker-0/DEBUG] [net.minecraftforge.fml.javafmlmod.AutomaticEventSubscriber/LOADING]: Attempting to inject @EventBusSubscriber classes into the eventbus for caelus
[194月2026 18:57:29.045] [modloading-worker-0/DEBUG] [net.minecraftforge.versions.forge.ForgeVersion/CORE]: Forge Version package package net.minecraftforge.versions.forge, Forge, version 47.3 from cpw.mods.modlauncher.TransformingClassLoader@7d979d34
[194月2026 18:57:29.045] [modloading-worker-0/DEBUG] [net.minecraftforge.versions.forge.ForgeVersion/CORE]: Found Forge version 47.3.10
[194月2026 18:57:29.045] [modloading-worker-0/DEBUG] [net.minecraftforge.versions.forge.ForgeVersion/CORE]: Found Forge spec 47.3
[194月2026 18:57:29.045] [modloading-worker-0/DEBUG] [net.minecraftforge.versions.forge.ForgeVersion/CORE]: Found Forge group net.minecraftforge
[194月2026 18:57:29.046] [modloading-worker-0/DEBUG] [net.minecraftforge.versions.mcp.MCPVersion/CORE]: MCP Version package package net.minecraftforge.versions.mcp, Minecraft, version 1.20.1 from cpw.mods.modlauncher.TransformingClassLoader@7d979d34
[194月2026 18:57:29.046] [modloading-worker-0/DEBUG] [net.minecraftforge.versions.mcp.MCPVersion/CORE]: Found MC version information 1.20.1
[194月2026 18:57:29.046] [modloading-worker-0/DEBUG] [net.minecraftforge.versions.mcp.MCPVersion/CORE]: Found MCP version information 20230612.114412
[194月2026 18:57:29.046] [modloading-worker-0/INFO] [net.minecraftforge.common.ForgeMod/FORGEMOD]: Forge mod loading, version 47.3.10, for MC 1.20.1 with MCP 20230612.114412
[194月2026 18:57:29.047] [modloading-worker-0/INFO] [net.minecraftforge.common.MinecraftForge/FORGE]: MinecraftForge v47.3.10 Initialized
[194月2026 18:57:29.062] [modloading-worker-0/DEBUG] [net.minecraftforge.fml.config.ConfigTracker/CONFIG]: Config file jei-server.toml for jei tracking
[194月2026 18:57:29.069] [modloading-worker-0/DEBUG] [net.minecraftforge.fml.config.ConfigTracker/CONFIG]: Config file l2_configs/l2screentracker-client.toml for l2screentracker tracking
[194月2026 18:57:29.069] [modloading-worker-0/DEBUG] [net.minecraftforge.fml.config.ConfigTracker/CONFIG]: Config file l2_configs/l2screentracker-common.toml for l2screentracker tracking
[194月2026 18:57:29.079] [modloading-worker-0/DEBUG] [net.minecraftforge.fml.ModLoadingContext/]: Attempted to register an empty config for type CLIENT on mod l2itemselector using file name l2_configs/l2itemselector-client.toml
[194月2026 18:57:29.079] [modloading-worker-0/DEBUG] [net.minecraftforge.fml.ModLoadingContext/]: Attempted to register an empty config for type COMMON on mod l2itemselector using file name l2_configs/l2itemselector-common.toml
[194月2026 18:57:29.087] [modloading-worker-0/DEBUG] [net.minecraftforge.fml.config.ConfigTracker/CONFIG]: Config file l2_configs/l2tabs-client.toml for l2tabs tracking
[194月2026 18:57:29.087] [modloading-worker-0/DEBUG] [net.minecraftforge.fml.config.ConfigTracker/CONFIG]: Config file l2_configs/l2tabs-common.toml for l2tabs tracking
[194月2026 18:57:29.090] [modloading-worker-0/DEBUG] [com.tterrag.registrate.AbstractRegistrate/REGISTRATE.REGISTER]: Captured registration for entry l2damagetracker:crit_rate of type minecraft:attribute
[194月2026 18:57:29.091] [modloading-worker-0/DEBUG] [com.tterrag.registrate.AbstractRegistrate/REGISTRATE.REGISTER]: Captured registration for entry l2damagetracker:crit_damage of type minecraft:attribute
[194月2026 18:57:29.091] [modloading-worker-0/DEBUG] [com.tterrag.registrate.AbstractRegistrate/REGISTRATE.REGISTER]: Captured registration for entry l2damagetracker:bow_strength of type minecraft:attribute
[194月2026 18:57:29.091] [modloading-worker-0/DEBUG] [mixin/]: Mixing AbstractClientPlayerMixin from mixins.irons_spellbooks.json into net.minecraft.client.player.AbstractClientPlayer
[194月2026 18:57:29.107] [modloading-worker-0/DEBUG] [mixin/]: Mixing LocalPlayerMixin from mixins.irons_spellbooks.json into net.minecraft.client.player.LocalPlayer
[194月2026 18:57:29.107] [modloading-worker-0/DEBUG] [mixin/]: Mixing ClientLocalPlayerMixin from l2library.mixins.json into net.minecraft.client.player.LocalPlayer
[194月2026 18:57:29.107] [modloading-worker-0/DEBUG] [mixin/]: l2library.mixins.json:ClientLocalPlayerMixin: Class version 61 required is higher than the class version supported by the current version of Mixin (JAVA_16 supports class version 60)
[194月2026 18:57:29.107] [modloading-worker-0/DEBUG] [mixin/]: Mixing LocalPlayerMixin from l2complements.mixins.json into net.minecraft.client.player.LocalPlayer
[194月2026 18:57:29.109] [modloading-worker-0/DEBUG] [mixin/]: Mixing MixinLocalPlayer from caelus.mixins.json into net.minecraft.client.player.LocalPlayer
[194月2026 18:57:29.163] [modloading-worker-0/DEBUG] [com.tterrag.registrate.AbstractRegistrate/REGISTRATE.REGISTER]: Captured registration for entry l2tabs:curios of type minecraft:menu
[194月2026 18:57:29.164] [modloading-worker-0/DEBUG] [mixin/]: Mixing GuiMixin from mixins.irons_spellbooks.json into net.minecraft.client.gui.Gui
[194月2026 18:57:29.181] [modloading-worker-0/DEBUG] [net.minecraftforge.fml.config.ConfigTracker/CONFIG]: Config file curios-client.toml for curios tracking
[194月2026 18:57:29.187] [modloading-worker-0/DEBUG] [com.tterrag.registrate.AbstractRegistrate/REGISTRATE.REGISTER]: Captured registration for entry l2screentracker:inventory of type l2screentracker:item_source
[194月2026 18:57:29.189] [modloading-worker-0/DEBUG] [net.minecraftforge.fml.config.ConfigTracker/CONFIG]: Config file curios-common.toml for curios tracking
[194月2026 18:57:29.189] [modloading-worker-0/DEBUG] [net.minecraftforge.fml.config.ConfigTracker/CONFIG]: Config file curios-server.toml for curios tracking
[194月2026 18:57:29.189] [modloading-worker-0/DEBUG] [net.minecraftforge.fml.javafmlmod.AutomaticEventSubscriber/LOADING]: Attempting to inject @EventBusSubscriber classes into the eventbus for curios
[194月2026 18:57:29.189] [modloading-worker-0/DEBUG] [com.tterrag.registrate.AbstractRegistrate/REGISTRATE.REGISTER]: Captured registration for entry l2screentracker:ender of type l2screentracker:item_source
[194月2026 18:57:29.201] [modloading-worker-0/DEBUG] [net.minecraftforge.fml.javafmlmod.AutomaticEventSubscriber/LOADING]: Auto-subscribing top.theillusivec4.curios.Curios$ClientProxy to MOD
[194月2026 18:57:29.202] [modloading-worker-0/DEBUG] [com.tterrag.registrate.AbstractRegistrate/REGISTRATE.REGISTER]: Captured registration for entry l2screentracker:inventory of type l2screentracker:tracked_entry_type
[194月2026 18:57:29.204] [modloading-worker-0/DEBUG] [mixin/]: Mixing EntityRendererMixin from mixins.irons_spellbooks.json into net.minecraft.client.renderer.entity.EntityRenderer
[194月2026 18:57:29.211] [modloading-worker-0/DEBUG] [mixin/]: Mixing firstPerson.LivingEntityRendererMixin from playerAnimator-common.mixins.json into net.minecraft.client.renderer.entity.LivingEntityRenderer
[194月2026 18:57:29.211] [modloading-worker-0/DEBUG] [mixin/]: playerAnimator-common.mixins.json:firstPerson.LivingEntityRendererMixin: Class version 61 required is higher than the class version supported by the current version of Mixin (JAVA_16 supports class version 60)
[194月2026 18:57:29.211] [modloading-worker-0/DEBUG] [mixin/]: Renaming synthetic method lambda$filterLayers$0(Ljava/lang/Object;)Z to mde543ad$lambda$filterLayers$0$0 in playerAnimator-common.mixins.json:firstPerson.LivingEntityRendererMixin
[194月2026 18:57:29.212] [modloading-worker-0/DEBUG] [com.tterrag.registrate.AbstractRegistrate/REGISTRATE.REGISTER]: Captured registration for entry l2screentracker:ender of type l2screentracker:tracked_entry_type
[194月2026 18:57:29.226] [modloading-worker-0/DEBUG] [mixin/]: Mixing FeatureRendererMixin from playerAnimator-common.mixins.json into net.minecraft.client.renderer.entity.layers.RenderLayer
[194月2026 18:57:29.226] [modloading-worker-0/DEBUG] [mixin/]: playerAnimator-common.mixins.json:FeatureRendererMixin: Class version 61 required is higher than the class version supported by the current version of Mixin (JAVA_16 supports class version 60)
[194月2026 18:57:29.226] [modloading-worker-0/DEBUG] [com.tterrag.registrate.AbstractRegistrate/REGISTRATE.REGISTER]: Captured registration for entry l2screentracker:quick_access of type l2screentracker:tracked_entry_type
[194月2026 18:57:29.231] [modloading-worker-0/DEBUG] [com.tterrag.registrate.AbstractRegistrate/REGISTRATE.REGISTER]: Captured registration for entry l2library:enchantments_low of type minecraft:creative_mode_tab
[194月2026 18:57:29.232] [modloading-worker-0/DEBUG] [com.tterrag.registrate.AbstractRegistrate/REGISTRATE.REGISTER]: Captured registration for entry l2library:enchantments_max of type minecraft:creative_mode_tab
[194月2026 18:57:29.232] [modloading-worker-0/DEBUG] [com.tterrag.registrate.AbstractRegistrate/REGISTRATE.REGISTER]: Captured registration for entry l2library:l2complements of type minecraft:creative_mode_tab
[194月2026 18:57:29.235] [modloading-worker-0/DEBUG] [net.minecraftforge.fml.javafmlmod.AutomaticEventSubscriber/LOADING]: Attempting to inject @EventBusSubscriber classes into the eventbus for l2damagetracker
[194月2026 18:57:29.235] [modloading-worker-0/DEBUG] [com.tterrag.registrate.AbstractRegistrate/REGISTRATE.REGISTER]: Captured registration for entry l2screentracker:menu_provider of type l2screentracker:tracked_entry_type
[194月2026 18:57:29.235] [modloading-worker-0/DEBUG] [net.minecraftforge.fml.javafmlmod.AutomaticEventSubscriber/LOADING]: Auto-subscribing dev.xkmc.l2damagetracker.events.GeneralEventHandler to FORGE
[194月2026 18:57:29.238] [modloading-worker-0/DEBUG] [net.minecraftforge.fml.javafmlmod.AutomaticEventSubscriber/LOADING]: Auto-subscribing dev.xkmc.l2damagetracker.contents.attack.AttackEventHandler to FORGE
[194月2026 18:57:29.242] [modloading-worker-0/DEBUG] [net.minecraftforge.fml.javafmlmod.AutomaticEventSubscriber/LOADING]: Attempting to inject @EventBusSubscriber classes into the eventbus for l2tabs
[194月2026 18:57:29.242] [modloading-worker-0/DEBUG] [net.minecraftforge.fml.javafmlmod.AutomaticEventSubscriber/LOADING]: Auto-subscribing dev.xkmc.l2tabs.init.L2TabsClient to MOD
[194月2026 18:57:29.246] [modloading-worker-0/DEBUG] [net.minecraftforge.fml.javafmlmod.AutomaticEventSubscriber/LOADING]: Auto-subscribing dev.xkmc.l2tabs.init.L2Tabs to MOD
[194月2026 18:57:29.246] [modloading-worker-0/DEBUG] [net.minecraftforge.fml.javafmlmod.AutomaticEventSubscriber/LOADING]: Auto-subscribing dev.xkmc.l2tabs.tabs.contents.TabInventory to FORGE
[194月2026 18:57:29.247] [modloading-worker-0/DEBUG] [mixin/]: Mixing AbstractContainerScreenMixin from l2screentracker.mixins.json into net.minecraft.client.gui.screens.inventory.AbstractContainerScreen
[194月2026 18:57:29.248] [modloading-worker-0/DEBUG] [net.minecraftforge.fml.javafmlmod.AutomaticEventSubscriber/LOADING]: Attempting to inject @EventBusSubscriber classes into the eventbus for l2itemselector
[194月2026 18:57:29.248] [modloading-worker-0/DEBUG] [net.minecraftforge.fml.javafmlmod.AutomaticEventSubscriber/LOADING]: Auto-subscribing dev.xkmc.l2itemselector.events.ClientGeneralEventHandler to FORGE
[194月2026 18:57:29.274] [modloading-worker-0/DEBUG] [net.minecraftforge.fml.javafmlmod.AutomaticEventSubscriber/LOADING]: Auto-subscribing dev.xkmc.l2itemselector.events.GeneralEventHandler to FORGE
[194月2026 18:57:29.278] [modloading-worker-0/DEBUG] [net.minecraftforge.fml.javafmlmod.AutomaticEventSubscriber/LOADING]: Auto-subscribing dev.xkmc.l2itemselector.init.L2ItemSelector to MOD
[194月2026 18:57:29.279] [modloading-worker-0/DEBUG] [net.minecraftforge.fml.javafmlmod.AutomaticEventSubscriber/LOADING]: Auto-subscribing dev.xkmc.l2itemselector.init.L2ItemSelectorClient to MOD
[194月2026 18:57:29.283] [modloading-worker-0/DEBUG] [net.minecraftforge.fml.javafmlmod.AutomaticEventSubscriber/LOADING]: Auto-subscribing dev.xkmc.l2damagetracker.init.L2DamageTracker to MOD
[194月2026 18:57:29.285] [modloading-worker-0/DEBUG] [net.minecraftforge.fml.javafmlmod.AutomaticEventSubscriber/LOADING]: Auto-subscribing dev.xkmc.l2damagetracker.init.L2DamageTrackerClient to MOD
[194月2026 18:57:29.289] [modloading-worker-0/WARN] [software.bernie.geckolib.GeckoLib/]: Minecraft.getInstance() was null, could not register reload listeners
[194月2026 18:57:29.289] [modloading-worker-0/DEBUG] [mezz.jei.common.platform.Services/]: Loaded mezz.jei.forge.platform.PlatformHelper@6de5c856 for service interface mezz.jei.common.platform.IPlatformHelper
[194月2026 18:57:29.323] [modloading-worker-0/DEBUG] [io.netty.util.internal.PlatformDependent0/]: -Dio.netty.noUnsafe: false
[194月2026 18:57:29.323] [modloading-worker-0/DEBUG] [io.netty.util.internal.PlatformDependent0/]: Java version: 17
[194月2026 18:57:29.323] [modloading-worker-0/DEBUG] [io.netty.util.internal.PlatformDependent0/]: sun.misc.Unsafe.theUnsafe: available
[194月2026 18:57:29.323] [modloading-worker-0/DEBUG] [io.netty.util.internal.PlatformDependent0/]: sun.misc.Unsafe.copyMemory: available
[194月2026 18:57:29.336] [modloading-worker-0/DEBUG] [io.netty.util.internal.PlatformDependent0/]: sun.misc.Unsafe.storeFence: available
[194月2026 18:57:29.336] [modloading-worker-0/DEBUG] [io.netty.util.internal.PlatformDependent0/]: java.nio.Buffer.address: available
[194月2026 18:57:29.339] [modloading-worker-0/DEBUG] [net.minecraftforge.fml.config.ConfigTracker/CONFIG]: Config file l2_configs/l2library-client.toml for l2library tracking
[194月2026 18:57:29.339] [modloading-worker-0/DEBUG] [net.minecraftforge.fml.config.ConfigTracker/CONFIG]: Config file l2_configs/l2library-common.toml for l2library tracking
[194月2026 18:57:29.343] [modloading-worker-0/DEBUG] [net.minecraftforge.fml.javafmlmod.AutomaticEventSubscriber/LOADING]: Attempting to inject @EventBusSubscriber classes into the eventbus for l2library
[194月2026 18:57:29.343] [modloading-worker-0/DEBUG] [net.minecraftforge.fml.javafmlmod.AutomaticEventSubscriber/LOADING]: Auto-subscribing dev.xkmc.l2library.init.events.GeneralEventHandler to FORGE
[194月2026 18:57:29.343] [modloading-worker-0/DEBUG] [net.minecraftforge.fml.javafmlmod.AutomaticEventSubscriber/LOADING]: Auto-subscribing dev.xkmc.l2library.init.events.EffectSyncEvents to FORGE
[194月2026 18:57:29.343] [modloading-worker-0/DEBUG] [com.tterrag.registrate.AbstractRegistrate/REGISTRATE.REGISTER]: Captured registration for entry l2complements:eternal_anvil of type minecraft:item
[194月2026 18:57:29.343] [modloading-worker-0/DEBUG] [com.tterrag.registrate.AbstractRegistrate/REGISTRATE.REGISTER]: Captured registration for entry l2complements:eternal_anvil of type minecraft:block
[194月2026 18:57:29.351] [modloading-worker-0/DEBUG] [net.minecraftforge.fml.javafmlmod.AutomaticEventSubscriber/LOADING]: Auto-subscribing dev.xkmc.l2library.init.events.ClientGeneralEventHandler to FORGE
[194月2026 18:57:29.357] [modloading-worker-0/DEBUG] [net.minecraftforge.fml.javafmlmod.AutomaticEventSubscriber/LOADING]: Auto-subscribing dev.xkmc.l2library.init.events.ClientEffectRenderEvents to FORGE
[194月2026 18:57:29.336] [modloading-worker-0/DEBUG] [io.netty.util.internal.PlatformDependent0/]: direct buffer constructor: unavailable
java.lang.UnsupportedOperationException: Reflective setAccessible(true) disabled
	at io.netty.util.internal.ReflectionUtil.trySetAccessible(ReflectionUtil.java:31) ~[netty-common-4.1.82.Final.jar%23151!/:4.1.82.Final]
	at io.netty.util.internal.PlatformDependent0$5.run(PlatformDependent0.java:288) ~[netty-common-4.1.82.Final.jar%23151!/:4.1.82.Final]
	at java.security.AccessController.doPrivileged(AccessController.java:318) ~[?:?]
	at io.netty.util.internal.PlatformDependent0.<clinit>(PlatformDependent0.java:282) ~[netty-common-4.1.82.Final.jar%23151!/:4.1.82.Final]
	at io.netty.util.internal.PlatformDependent.isAndroid(PlatformDependent.java:333) ~[netty-common-4.1.82.Final.jar%23151!/:4.1.82.Final]
	at io.netty.util.internal.PlatformDependent.<clinit>(PlatformDependent.java:88) ~[netty-common-4.1.82.Final.jar%23151!/:4.1.82.Final]
	at io.netty.util.ConstantPool.<init>(ConstantPool.java:34) ~[netty-common-4.1.82.Final.jar%23151!/:4.1.82.Final]
	at io.netty.util.AttributeKey$1.<init>(AttributeKey.java:27) ~[netty-common-4.1.82.Final.jar%23151!/:4.1.82.Final]
	at io.netty.util.AttributeKey.<clinit>(AttributeKey.java:27) ~[netty-common-4.1.82.Final.jar%23151!/:4.1.82.Final]
	at net.minecraftforge.network.NetworkConstants.<clinit>(NetworkConstants.java:34) ~[forge-1.20.1-47.3.10_mapped_official_1.20.1-recomp.jar%23190%23197!/:?]
	at net.minecraftforge.common.ForgeMod.<init>(ForgeMod.java:429) ~[forge-1.20.1-47.3.10_mapped_official_1.20.1-recomp.jar%23190%23197!/:?]
	at jdk.internal.reflect.NativeConstructorAccessorImpl.newInstance0(Native Method) ~[?:?]
	at jdk.internal.reflect.NativeConstructorAccessorImpl.newInstance(NativeConstructorAccessorImpl.java:77) ~[?:?]
	at jdk.internal.reflect.DelegatingConstructorAccessorImpl.newInstance(DelegatingConstructorAccessorImpl.java:45) ~[?:?]
	at java.lang.reflect.Constructor.newInstanceWithCaller(Constructor.java:500) ~[?:?]
	at java.lang.reflect.Constructor.newInstance(Constructor.java:481) ~[?:?]
	at net.minecraftforge.fml.javafmlmod.FMLModContainer.constructMod(FMLModContainer.java:77) ~[javafmllanguage-1.20.1-47.3.10.jar%23192!/:?]
	at net.minecraftforge.fml.ModContainer.lambda$buildTransitionHandler$4(ModContainer.java:124) ~[fmlcore-1.20.1-47.3.10.jar%23195!/:?]
	at java.util.concurrent.CompletableFuture$AsyncRun.run(CompletableFuture.java:1804) ~[?:?]
	at java.util.concurrent.CompletableFuture$AsyncRun.exec(CompletableFuture.java:1796) ~[?:?]
	at java.util.concurrent.ForkJoinTask.doExec(ForkJoinTask.java:373) ~[?:?]
	at java.util.concurrent.ForkJoinPool$WorkQueue.topLevelExec(ForkJoinPool.java:1182) ~[?:?]
	at java.util.concurrent.ForkJoinPool.scan(ForkJoinPool.java:1655) ~[?:?]
	at java.util.concurrent.ForkJoinPool.runWorker(ForkJoinPool.java:1622) ~[?:?]
	at java.util.concurrent.ForkJoinWorkerThread.run(ForkJoinWorkerThread.java:165) ~[?:?]
[194月2026 18:57:29.357] [modloading-worker-0/DEBUG] [io.netty.util.internal.PlatformDependent0/]: java.nio.Bits.unaligned: available, true
[194月2026 18:57:29.357] [modloading-worker-0/DEBUG] [io.netty.util.internal.PlatformDependent0/]: jdk.internal.misc.Unsafe.allocateUninitializedArray(int): unavailable
java.lang.IllegalAccessException: class io.netty.util.internal.PlatformDependent0$7 (in module io.netty.common) cannot access class jdk.internal.misc.Unsafe (in module java.base) because module java.base does not export jdk.internal.misc to module io.netty.common
	at jdk.internal.reflect.Reflection.newIllegalAccessException(Reflection.java:392) ~[?:?]
	at java.lang.reflect.AccessibleObject.checkAccess(AccessibleObject.java:674) ~[?:?]
	at java.lang.reflect.Method.invoke(Method.java:561) ~[?:?]
	at io.netty.util.internal.PlatformDependent0$7.run(PlatformDependent0.java:410) ~[netty-common-4.1.82.Final.jar%23151!/:4.1.82.Final]
	at java.security.AccessController.doPrivileged(AccessController.java:318) ~[?:?]
	at io.netty.util.internal.PlatformDependent0.<clinit>(PlatformDependent0.java:401) ~[netty-common-4.1.82.Final.jar%23151!/:4.1.82.Final]
	at io.netty.util.internal.PlatformDependent.isAndroid(PlatformDependent.java:333) ~[netty-common-4.1.82.Final.jar%23151!/:4.1.82.Final]
	at io.netty.util.internal.PlatformDependent.<clinit>(PlatformDependent.java:88) ~[netty-common-4.1.82.Final.jar%23151!/:4.1.82.Final]
	at io.netty.util.ConstantPool.<init>(ConstantPool.java:34) ~[netty-common-4.1.82.Final.jar%23151!/:4.1.82.Final]
	at io.netty.util.AttributeKey$1.<init>(AttributeKey.java:27) ~[netty-common-4.1.82.Final.jar%23151!/:4.1.82.Final]
	at io.netty.util.AttributeKey.<clinit>(AttributeKey.java:27) ~[netty-common-4.1.82.Final.jar%23151!/:4.1.82.Final]
	at net.minecraftforge.network.NetworkConstants.<clinit>(NetworkConstants.java:34) ~[forge-1.20.1-47.3.10_mapped_official_1.20.1-recomp.jar%23190%23197!/:?]
	at net.minecraftforge.common.ForgeMod.<init>(ForgeMod.java:429) ~[forge-1.20.1-47.3.10_mapped_official_1.20.1-recomp.jar%23190%23197!/:?]
	at jdk.internal.reflect.NativeConstructorAccessorImpl.newInstance0(Native Method) ~[?:?]
	at jdk.internal.reflect.NativeConstructorAccessorImpl.newInstance(NativeConstructorAccessorImpl.java:77) ~[?:?]
	at jdk.internal.reflect.DelegatingConstructorAccessorImpl.newInstance(DelegatingConstructorAccessorImpl.java:45) ~[?:?]
	at java.lang.reflect.Constructor.newInstanceWithCaller(Constructor.java:500) ~[?:?]
	at java.lang.reflect.Constructor.newInstance(Constructor.java:481) ~[?:?]
	at net.minecraftforge.fml.javafmlmod.FMLModContainer.constructMod(FMLModContainer.java:77) ~[javafmllanguage-1.20.1-47.3.10.jar%23192!/:?]
	at net.minecraftforge.fml.ModContainer.lambda$buildTransitionHandler$4(ModContainer.java:124) ~[fmlcore-1.20.1-47.3.10.jar%23195!/:?]
	at java.util.concurrent.CompletableFuture$AsyncRun.run(CompletableFuture.java:1804) ~[?:?]
	at java.util.concurrent.CompletableFuture$AsyncRun.exec(CompletableFuture.java:1796) ~[?:?]
	at java.util.concurrent.ForkJoinTask.doExec(ForkJoinTask.java:373) ~[?:?]
	at java.util.concurrent.ForkJoinPool$WorkQueue.topLevelExec(ForkJoinPool.java:1182) ~[?:?]
	at java.util.concurrent.ForkJoinPool.scan(ForkJoinPool.java:1655) ~[?:?]
	at java.util.concurrent.ForkJoinPool.runWorker(ForkJoinPool.java:1622) ~[?:?]
	at java.util.concurrent.ForkJoinWorkerThread.run(ForkJoinWorkerThread.java:165) ~[?:?]
[194月2026 18:57:29.366] [modloading-worker-0/DEBUG] [io.netty.util.internal.PlatformDependent0/]: java.nio.DirectByteBuffer.<init>(long, int): unavailable
[194月2026 18:57:29.366] [modloading-worker-0/DEBUG] [io.netty.util.internal.PlatformDependent/]: sun.misc.Unsafe: available
[194月2026 18:57:29.366] [modloading-worker-0/DEBUG] [io.netty.util.internal.PlatformDependent/]: maxDirectMemory: 8384413696 bytes (maybe)
[194月2026 18:57:29.366] [modloading-worker-0/DEBUG] [io.netty.util.internal.PlatformDependent/]: -Dio.netty.tmpdir: C:\Users\tungs\AppData\Local\Temp (java.io.tmpdir)
[194月2026 18:57:29.366] [modloading-worker-0/DEBUG] [io.netty.util.internal.PlatformDependent/]: -Dio.netty.bitMode: 64 (sun.arch.data.model)
[194月2026 18:57:29.366] [modloading-worker-0/DEBUG] [io.netty.util.internal.PlatformDependent/]: Platform: Windows
[194月2026 18:57:29.371] [modloading-worker-0/DEBUG] [io.netty.util.internal.PlatformDependent/]: -Dio.netty.maxDirectMemory: -1 bytes
[194月2026 18:57:29.371] [modloading-worker-0/DEBUG] [io.netty.util.internal.PlatformDependent/]: -Dio.netty.uninitializedArrayAllocationThreshold: -1
[194月2026 18:57:29.371] [modloading-worker-0/DEBUG] [com.tterrag.registrate.AbstractRegistrate/REGISTRATE.REGISTER]: Captured registration for entry l2screentracker:curios of type l2screentracker:item_source
[194月2026 18:57:29.371] [modloading-worker-0/DEBUG] [com.tterrag.registrate.AbstractRegistrate/REGISTRATE.REGISTER]: Captured registration for entry l2screentracker:curios_inv of type l2screentracker:tracked_entry_type
[194月2026 18:57:29.371] [modloading-worker-0/DEBUG] [io.netty.util.internal.CleanerJava9/]: java.nio.ByteBuffer.cleaner(): available
[194月2026 18:57:29.374] [modloading-worker-0/DEBUG] [io.netty.util.internal.PlatformDependent/]: -Dio.netty.noPreferDirect: false
[194月2026 18:57:29.374] [modloading-worker-0/DEBUG] [com.tterrag.registrate.AbstractRegistrate/REGISTRATE.REGISTER]: Captured registration for entry l2screentracker:curios_tab of type l2screentracker:tracked_entry_type
[194月2026 18:57:29.375] [modloading-worker-0/DEBUG] [mixin/]: Mixing firstPerson.LevelRendererMixin from playerAnimator-common.mixins.json into net.minecraft.client.renderer.LevelRenderer
[194月2026 18:57:29.375] [modloading-worker-0/DEBUG] [mixin/]: playerAnimator-common.mixins.json:firstPerson.LevelRendererMixin: Class version 61 required is higher than the class version supported by the current version of Mixin (JAVA_16 supports class version 60)
[194月2026 18:57:29.411] [modloading-worker-0/DEBUG] [net.minecraftforge.fml.javafmlmod.AutomaticEventSubscriber/LOADING]: Attempting to inject @EventBusSubscriber classes into the eventbus for l2screentracker
[194月2026 18:57:29.411] [modloading-worker-0/DEBUG] [net.minecraftforge.fml.javafmlmod.AutomaticEventSubscriber/LOADING]: Auto-subscribing dev.xkmc.l2screentracker.click.SlotClickEventHandler to FORGE
[194月2026 18:57:29.422] [modloading-worker-0/DEBUG] [net.minecraftforge.fml.javafmlmod.AutomaticEventSubscriber/LOADING]: Auto-subscribing dev.xkmc.l2screentracker.init.L2ScreenTrackerClient to MOD
[194月2026 18:57:29.422] [modloading-worker-0/DEBUG] [net.minecraftforge.fml.javafmlmod.AutomaticEventSubscriber/LOADING]: Auto-subscribing dev.xkmc.l2screentracker.init.L2ScreenTracker to MOD
[194月2026 18:57:29.426] [modloading-worker-0/DEBUG] [net.minecraftforge.fml.javafmlmod.AutomaticEventSubscriber/LOADING]: Attempting to inject @EventBusSubscriber classes into the eventbus for geckolib
[194月2026 18:57:29.426] [modloading-worker-0/DEBUG] [net.minecraftforge.fml.javafmlmod.AutomaticEventSubscriber/LOADING]: Auto-subscribing software.bernie.example.GeckoLibMod to FORGE
[194月2026 18:57:29.426] [modloading-worker-0/DEBUG] [net.minecraftforge.fml.javafmlmod.AutomaticEventSubscriber/LOADING]: Auto-subscribing software.bernie.example.CommonListener to MOD
[194月2026 18:57:29.426] [modloading-worker-0/DEBUG] [com.tterrag.registrate.AbstractRegistrate/REGISTRATE.REGISTER]: Captured registration for entry l2complements:totemic_gold_block of type minecraft:item
[194月2026 18:57:29.426] [modloading-worker-0/DEBUG] [com.tterrag.registrate.AbstractRegistrate/REGISTRATE.REGISTER]: Captured registration for entry l2complements:totemic_gold_block of type minecraft:block
[194月2026 18:57:29.426] [modloading-worker-0/DEBUG] [mixin/]: Mixing firstPerson.CameraAccessor from playerAnimator-common.mixins.json into net.minecraft.client.Camera
[194月2026 18:57:29.426] [modloading-worker-0/DEBUG] [com.tterrag.registrate.AbstractRegistrate/REGISTRATE.REGISTER]: Captured registration for entry l2complements:poseidite_block of type minecraft:item
[194月2026 18:57:29.426] [modloading-worker-0/DEBUG] [com.tterrag.registrate.AbstractRegistrate/REGISTRATE.REGISTER]: Captured registration for entry l2complements:poseidite_block of type minecraft:block
[194月2026 18:57:29.426] [modloading-worker-0/DEBUG] [mixin/]: playerAnimator-common.mixins.json:firstPerson.CameraAccessor: Class version 61 required is higher than the class version supported by the current version of Mixin (JAVA_16 supports class version 60)
[194月2026 18:57:29.426] [modloading-worker-0/DEBUG] [com.tterrag.registrate.AbstractRegistrate/REGISTRATE.REGISTER]: Captured registration for entry l2complements:shulkerate_block of type minecraft:item
[194月2026 18:57:29.426] [modloading-worker-0/DEBUG] [com.tterrag.registrate.AbstractRegistrate/REGISTRATE.REGISTER]: Captured registration for entry l2complements:shulkerate_block of type minecraft:block
[194月2026 18:57:29.426] [modloading-worker-0/DEBUG] [com.tterrag.registrate.AbstractRegistrate/REGISTRATE.REGISTER]: Captured registration for entry l2complements:sculkium_block of type minecraft:item
[194月2026 18:57:29.426] [modloading-worker-0/DEBUG] [com.tterrag.registrate.AbstractRegistrate/REGISTRATE.REGISTER]: Captured registration for entry l2complements:sculkium_block of type minecraft:block
[194月2026 18:57:29.426] [modloading-worker-0/DEBUG] [com.tterrag.registrate.AbstractRegistrate/REGISTRATE.REGISTER]: Captured registration for entry l2complements:eternium_block of type minecraft:item
[194月2026 18:57:29.437] [modloading-worker-0/DEBUG] [com.tterrag.registrate.AbstractRegistrate/REGISTRATE.REGISTER]: Captured registration for entry l2complements:eternium_block of type minecraft:block
[194月2026 18:57:29.438] [modloading-worker-0/DEBUG] [com.tterrag.registrate.AbstractRegistrate/REGISTRATE.REGISTER]: Captured registration for entry l2complements:totemic_gold_ingot of type minecraft:item
[194月2026 18:57:29.438] [modloading-worker-0/DEBUG] [com.tterrag.registrate.AbstractRegistrate/REGISTRATE.REGISTER]: Captured registration for entry l2complements:poseidite_ingot of type minecraft:item
[194月2026 18:57:29.438] [modloading-worker-0/DEBUG] [com.tterrag.registrate.AbstractRegistrate/REGISTRATE.REGISTER]: Captured registration for entry l2complements:shulkerate_ingot of type minecraft:item
[194月2026 18:57:29.438] [modloading-worker-0/DEBUG] [com.tterrag.registrate.AbstractRegistrate/REGISTRATE.REGISTER]: Captured registration for entry l2complements:sculkium_ingot of type minecraft:item
[194月2026 18:57:29.438] [modloading-worker-0/DEBUG] [com.tterrag.registrate.AbstractRegistrate/REGISTRATE.REGISTER]: Captured registration for entry l2complements:eternium_ingot of type minecraft:item
[194月2026 18:57:29.438] [modloading-worker-0/DEBUG] [com.tterrag.registrate.AbstractRegistrate/REGISTRATE.REGISTER]: Captured registration for entry l2complements:totemic_gold_nugget of type minecraft:item
[194月2026 18:57:29.438] [modloading-worker-0/DEBUG] [com.tterrag.registrate.AbstractRegistrate/REGISTRATE.REGISTER]: Captured registration for entry l2complements:poseidite_nugget of type minecraft:item
[194月2026 18:57:29.438] [modloading-worker-0/DEBUG] [com.tterrag.registrate.AbstractRegistrate/REGISTRATE.REGISTER]: Captured registration for entry l2complements:shulkerate_nugget of type minecraft:item
[194月2026 18:57:29.438] [modloading-worker-0/DEBUG] [com.tterrag.registrate.AbstractRegistrate/REGISTRATE.REGISTER]: Captured registration for entry l2complements:sculkium_nugget of type minecraft:item
[194月2026 18:57:29.438] [modloading-worker-0/DEBUG] [com.tterrag.registrate.AbstractRegistrate/REGISTRATE.REGISTER]: Captured registration for entry l2complements:eternium_nugget of type minecraft:item
[194月2026 18:57:29.441] [modloading-worker-0/DEBUG] [net.minecraftforge.fml.javafmlmod.AutomaticEventSubscriber/LOADING]: Auto-subscribing software.bernie.example.ClientListener to MOD
[194月2026 18:57:29.441] [modloading-worker-0/DEBUG] [net.minecraftforge.fml.javafmlmod.AutomaticEventSubscriber/LOADING]: Auto-subscribing dev.xkmc.l2library.init.events.BaseCapabilityEvents to FORGE
[194月2026 18:57:29.441] [modloading-worker-0/DEBUG] [com.tterrag.registrate.AbstractRegistrate/REGISTRATE.REGISTER]: Captured registration for entry l2complements:wind_capture_bottle of type minecraft:item
[194月2026 18:57:29.441] [modloading-worker-0/DEBUG] [net.minecraftforge.fml.javafmlmod.AutomaticEventSubscriber/LOADING]: Attempting to inject @EventBusSubscriber classes into the eventbus for osmiumsmagic
[194月2026 18:57:29.441] [modloading-worker-0/DEBUG] [net.minecraftforge.fml.javafmlmod.AutomaticEventSubscriber/LOADING]: Auto-subscribing com.Osmium.client.ClientSetup to MOD
[194月2026 18:57:29.452] [modloading-worker-0/DEBUG] [net.minecraftforge.fml.javafmlmod.AutomaticEventSubscriber/LOADING]: Auto-subscribing com.Osmium.OsmiumsMagic.datagen.DataGenerators to MOD
[194月2026 18:57:29.452] [modloading-worker-0/DEBUG] [net.minecraftforge.fml.javafmlmod.AutomaticEventSubscriber/LOADING]: Auto-subscribing dev.xkmc.l2library.init.L2Library to MOD
[194月2026 18:57:29.452] [modloading-worker-0/DEBUG] [com.tterrag.registrate.AbstractRegistrate/REGISTRATE.REGISTER]: Captured registration for entry l2complements:void_eye of type minecraft:item
[194月2026 18:57:29.452] [modloading-worker-0/DEBUG] [net.minecraftforge.fml.javafmlmod.AutomaticEventSubscriber/LOADING]: Auto-subscribing com.Osmium.OsmiumsMagic.Main.Osmiumsmagic$ClientModEvents to MOD
[194月2026 18:57:29.452] [modloading-worker-0/DEBUG] [com.tterrag.registrate.AbstractRegistrate/REGISTRATE.REGISTER]: Captured registration for entry l2complements:captured_wind of type minecraft:item
[194月2026 18:57:29.452] [modloading-worker-0/DEBUG] [net.minecraftforge.fml.javafmlmod.AutomaticEventSubscriber/LOADING]: Auto-subscribing com.Osmium.OsmiumsMagic.regi.ModAttributes to MOD
[194月2026 18:57:29.452] [modloading-worker-0/DEBUG] [com.tterrag.registrate.AbstractRegistrate/REGISTRATE.REGISTER]: Captured registration for entry l2complements:captured_shulker_bullet of type minecraft:item
[194月2026 18:57:29.452] [modloading-worker-0/DEBUG] [com.tterrag.registrate.AbstractRegistrate/REGISTRATE.REGISTER]: Captured registration for entry l2complements:sun_membrane of type minecraft:item
[194月2026 18:57:29.452] [modloading-worker-0/DEBUG] [com.tterrag.registrate.AbstractRegistrate/REGISTRATE.REGISTER]: Captured registration for entry l2complements:explosion_shard of type minecraft:item
[194月2026 18:57:29.452] [modloading-worker-0/DEBUG] [com.tterrag.registrate.AbstractRegistrate/REGISTRATE.REGISTER]: Captured registration for entry l2complements:hard_ice of type minecraft:item
[194月2026 18:57:29.452] [modloading-worker-0/DEBUG] [com.tterrag.registrate.AbstractRegistrate/REGISTRATE.REGISTER]: Captured registration for entry l2complements:soul_flame of type minecraft:item
[194月2026 18:57:29.452] [modloading-worker-0/DEBUG] [com.tterrag.registrate.AbstractRegistrate/REGISTRATE.REGISTER]: Captured registration for entry l2complements:storm_core of type minecraft:item
[194月2026 18:57:29.452] [modloading-worker-0/DEBUG] [com.tterrag.registrate.AbstractRegistrate/REGISTRATE.REGISTER]: Captured registration for entry l2complements:blackstone_core of type minecraft:item
[194月2026 18:57:29.452] [modloading-worker-0/DEBUG] [com.tterrag.registrate.AbstractRegistrate/REGISTRATE.REGISTER]: Captured registration for entry l2complements:resonant_feather of type minecraft:item
[194月2026 18:57:29.452] [modloading-worker-0/DEBUG] [com.tterrag.registrate.AbstractRegistrate/REGISTRATE.REGISTER]: Captured registration for entry l2complements:space_shard of type minecraft:item
[194月2026 18:57:29.468] [modloading-worker-0/DEBUG] [com.tterrag.registrate.AbstractRegistrate/REGISTRATE.REGISTER]: Captured registration for entry l2complements:warden_bone_shard of type minecraft:item
[194月2026 18:57:29.469] [modloading-worker-0/DEBUG] [com.tterrag.registrate.AbstractRegistrate/REGISTRATE.REGISTER]: Captured registration for entry l2complements:guardian_eye of type minecraft:item
[194月2026 18:57:29.472] [modloading-worker-0/DEBUG] [com.tterrag.registrate.AbstractRegistrate/REGISTRATE.REGISTER]: Captured registration for entry l2complements:heirophant_green of type minecraft:item
[194月2026 18:57:29.472] [modloading-worker-0/DEBUG] [mezz.jei.common.config.file.ConfigSerializer/]: Loading config file: C:\Users\tungs\Downloads\Osmium's_Magic-Iron's_Spellbooks_Addon_1.20.1\run-data\config\jei\jei-debug.ini
[194月2026 18:57:29.472] [modloading-worker-0/DEBUG] [com.tterrag.registrate.AbstractRegistrate/REGISTRATE.REGISTER]: Captured registration for entry l2complements:cursed_droplet of type minecraft:item
[194月2026 18:57:29.473] [modloading-worker-0/DEBUG] [com.tterrag.registrate.AbstractRegistrate/REGISTRATE.REGISTER]: Captured registration for entry l2complements:life_essence of type minecraft:item
[194月2026 18:57:29.474] [modloading-worker-0/DEBUG] [mezz.jei.common.config.file.ConfigSerializer/]: Saving config file: C:\Users\tungs\Downloads\Osmium's_Magic-Iron's_Spellbooks_Addon_1.20.1\run-data\config\jei\jei-debug.ini
[194月2026 18:57:29.474] [modloading-worker-0/DEBUG] [com.tterrag.registrate.AbstractRegistrate/REGISTRATE.REGISTER]: Captured registration for entry l2complements:force_field of type minecraft:item
[194月2026 18:57:29.475] [modloading-worker-0/DEBUG] [com.tterrag.registrate.AbstractRegistrate/REGISTRATE.REGISTER]: Captured registration for entry l2complements:guardian_rune of type minecraft:item
[194月2026 18:57:29.477] [modloading-worker-0/DEBUG] [com.tterrag.registrate.AbstractRegistrate/REGISTRATE.REGISTER]: Captured registration for entry l2complements:piglin_rune of type minecraft:item
[194月2026 18:57:29.481] [modloading-worker-0/DEBUG] [com.tterrag.registrate.AbstractRegistrate/REGISTRATE.REGISTER]: Captured registration for entry l2complements:fragile_warp_stone of type minecraft:item
[194月2026 18:57:29.481] [modloading-worker-0/DEBUG] [net.minecraftforge.common.ForgeMod/FORGEMOD]: Loading Network data for FML net version: FML3
[194月2026 18:57:29.482] [modloading-worker-0/DEBUG] [com.tterrag.registrate.AbstractRegistrate/REGISTRATE.REGISTER]: Captured registration for entry l2complements:reinforced_warp_stone of type minecraft:item
[194月2026 18:57:29.484] [modloading-worker-0/DEBUG] [com.tterrag.registrate.AbstractRegistrate/REGISTRATE.REGISTER]: Captured registration for entry l2complements:totem_of_dream of type minecraft:item
[194月2026 18:57:29.485] [modloading-worker-0/DEBUG] [com.tterrag.registrate.AbstractRegistrate/REGISTRATE.REGISTER]: Captured registration for entry l2complements:totem_of_the_sea of type minecraft:item
[194月2026 18:57:29.487] [modloading-worker-0/DEBUG] [com.tterrag.registrate.AbstractRegistrate/REGISTRATE.REGISTER]: Captured registration for entry l2complements:soul_fire_charge of type minecraft:item
[194月2026 18:57:29.488] [modloading-worker-0/DEBUG] [com.tterrag.registrate.AbstractRegistrate/REGISTRATE.REGISTER]: Captured registration for entry l2complements:strong_fire_charge of type minecraft:item
[194月2026 18:57:29.488] [modloading-worker-0/DEBUG] [mezz.jei.common.config.file.ConfigSerializer/]: Loading config file: C:\Users\tungs\Downloads\Osmium's_Magic-Iron's_Spellbooks_Addon_1.20.1\run-data\config\jei\jei-mod-id-format.ini
[194月2026 18:57:29.489] [modloading-worker-0/DEBUG] [com.tterrag.registrate.AbstractRegistrate/REGISTRATE.REGISTER]: Captured registration for entry l2complements:black_fire_charge of type minecraft:item
[194月2026 18:57:29.489] [modloading-worker-0/DEBUG] [mezz.jei.common.config.file.ConfigSerializer/]: Saving config file: C:\Users\tungs\Downloads\Osmium's_Magic-Iron's_Spellbooks_Addon_1.20.1\run-data\config\jei\jei-mod-id-format.ini
[194月2026 18:57:29.489] [modloading-worker-0/DEBUG] [com.tterrag.registrate.AbstractRegistrate/REGISTRATE.REGISTER]: Captured registration for entry l2complements:sonic_shooter of type minecraft:item
[194月2026 18:57:29.489] [modloading-worker-0/DEBUG] [com.tterrag.registrate.AbstractRegistrate/REGISTRATE.REGISTER]: Captured registration for entry l2complements:hellfire_wand of type minecraft:item
[194月2026 18:57:29.489] [modloading-worker-0/DEBUG] [com.tterrag.registrate.AbstractRegistrate/REGISTRATE.REGISTER]: Captured registration for entry l2complements:diffusion_wand of type minecraft:item
[194月2026 18:57:29.489] [modloading-worker-0/DEBUG] [mezz.jei.common.config.file.ConfigSerializer/]: Loading config file: C:\Users\tungs\Downloads\Osmium's_Magic-Iron's_Spellbooks_Addon_1.20.1\run-data\config\jei\jei-colors.ini
[194月2026 18:57:29.489] [modloading-worker-0/DEBUG] [com.tterrag.registrate.AbstractRegistrate/REGISTRATE.REGISTER]: Captured registration for entry l2complements:winterstorm_wand of type minecraft:item
[194月2026 18:57:29.503] [modloading-worker-0/DEBUG] [com.tterrag.registrate.AbstractRegistrate/REGISTRATE.REGISTER]: Captured registration for entry l2complements:totemic_carrot of type minecraft:item
[194月2026 18:57:29.503] [modloading-worker-0/DEBUG] [net.minecraftforge.fml.config.ConfigTracker/CONFIG]: Config file forge-client.toml for forge tracking
[194月2026 18:57:29.503] [modloading-worker-0/DEBUG] [net.minecraftforge.fml.config.ConfigTracker/CONFIG]: Config file forge-server.toml for forge tracking
[194月2026 18:57:29.503] [modloading-worker-0/DEBUG] [net.minecraftforge.fml.ModLoadingContext/]: Attempted to register an empty config for type COMMON on mod forge
[194月2026 18:57:29.503] [modloading-worker-0/DEBUG] [com.tterrag.registrate.AbstractRegistrate/REGISTRATE.REGISTER]: Captured registration for entry l2complements:enchanted_totemic_carrot of type minecraft:item
[194月2026 18:57:29.503] [modloading-worker-0/DEBUG] [com.tterrag.registrate.AbstractRegistrate/REGISTRATE.REGISTER]: Captured registration for entry l2complements:totemic_apple of type minecraft:item
[194月2026 18:57:29.503] [modloading-worker-0/DEBUG] [com.tterrag.registrate.AbstractRegistrate/REGISTRATE.REGISTER]: Captured registration for entry l2complements:enchanted_totemic_apple of type minecraft:item
[194月2026 18:57:29.503] [modloading-worker-0/DEBUG] [mezz.jei.common.config.file.ConfigSerializer/]: Saving config file: C:\Users\tungs\Downloads\Osmium's_Magic-Iron's_Spellbooks_Addon_1.20.1\run-data\config\jei\jei-colors.ini
[194月2026 18:57:29.507] [modloading-worker-0/DEBUG] [com.tterrag.registrate.AbstractRegistrate/REGISTRATE.REGISTER]: Captured registration for entry l2complements:totemic_gold_helmet of type minecraft:item
[194月2026 18:57:29.507] [modloading-worker-0/DEBUG] [com.tterrag.registrate.AbstractRegistrate/REGISTRATE.REGISTER]: Captured registration for entry l2complements:totemic_gold_chestplate of type minecraft:item
[194月2026 18:57:29.507] [modloading-worker-0/DEBUG] [com.tterrag.registrate.AbstractRegistrate/REGISTRATE.REGISTER]: Captured registration for entry l2complements:totemic_gold_leggings of type minecraft:item
[194月2026 18:57:29.507] [modloading-worker-0/DEBUG] [com.tterrag.registrate.AbstractRegistrate/REGISTRATE.REGISTER]: Captured registration for entry l2complements:totemic_gold_boots of type minecraft:item
[194月2026 18:57:29.526] [modloading-worker-0/DEBUG] [com.tterrag.registrate.AbstractRegistrate/REGISTRATE.REGISTER]: Captured registration for entry l2complements:totemic_gold_sword of type minecraft:item
[194月2026 18:57:29.526] [modloading-worker-0/DEBUG] [mezz.jei.common.config.file.ConfigSerializer/]: Loading config file: C:\Users\tungs\Downloads\Osmium's_Magic-Iron's_Spellbooks_Addon_1.20.1\run-data\config\jei\jei-client.ini
[194月2026 18:57:29.526] [modloading-worker-0/DEBUG] [com.tterrag.registrate.AbstractRegistrate/REGISTRATE.REGISTER]: Captured registration for entry l2complements:totemic_gold_axe of type minecraft:item
[194月2026 18:57:29.526] [modloading-worker-0/DEBUG] [com.tterrag.registrate.AbstractRegistrate/REGISTRATE.REGISTER]: Captured registration for entry l2complements:totemic_gold_shovel of type minecraft:item
[194月2026 18:57:29.526] [modloading-worker-0/DEBUG] [com.tterrag.registrate.AbstractRegistrate/REGISTRATE.REGISTER]: Captured registration for entry l2complements:totemic_gold_pickaxe of type minecraft:item
[194月2026 18:57:29.526] [modloading-worker-0/DEBUG] [com.tterrag.registrate.AbstractRegistrate/REGISTRATE.REGISTER]: Captured registration for entry l2complements:totemic_gold_hoe of type minecraft:item
[194月2026 18:57:29.526] [modloading-worker-0/DEBUG] [com.tterrag.registrate.AbstractRegistrate/REGISTRATE.REGISTER]: Captured registration for entry l2complements:poseidite_helmet of type minecraft:item
[194月2026 18:57:29.526] [modloading-worker-0/DEBUG] [com.tterrag.registrate.AbstractRegistrate/REGISTRATE.REGISTER]: Captured registration for entry l2complements:poseidite_chestplate of type minecraft:item
[194月2026 18:57:29.526] [modloading-worker-0/DEBUG] [com.tterrag.registrate.AbstractRegistrate/REGISTRATE.REGISTER]: Captured registration for entry l2complements:poseidite_leggings of type minecraft:item
[194月2026 18:57:29.526] [modloading-worker-0/DEBUG] [com.tterrag.registrate.AbstractRegistrate/REGISTRATE.REGISTER]: Captured registration for entry l2complements:poseidite_boots of type minecraft:item
[194月2026 18:57:29.526] [modloading-worker-0/DEBUG] [com.tterrag.registrate.AbstractRegistrate/REGISTRATE.REGISTER]: Captured registration for entry l2complements:poseidite_sword of type minecraft:item
[194月2026 18:57:29.526] [modloading-worker-0/DEBUG] [com.tterrag.registrate.AbstractRegistrate/REGISTRATE.REGISTER]: Captured registration for entry l2complements:poseidite_axe of type minecraft:item
[194月2026 18:57:29.526] [modloading-worker-0/DEBUG] [com.tterrag.registrate.AbstractRegistrate/REGISTRATE.REGISTER]: Captured registration for entry l2complements:poseidite_shovel of type minecraft:item
[194月2026 18:57:29.526] [modloading-worker-0/DEBUG] [com.tterrag.registrate.AbstractRegistrate/REGISTRATE.REGISTER]: Captured registration for entry l2complements:poseidite_pickaxe of type minecraft:item
[194月2026 18:57:29.526] [modloading-worker-0/DEBUG] [com.tterrag.registrate.AbstractRegistrate/REGISTRATE.REGISTER]: Captured registration for entry l2complements:poseidite_hoe of type minecraft:item
[194月2026 18:57:29.526] [modloading-worker-0/DEBUG] [com.tterrag.registrate.AbstractRegistrate/REGISTRATE.REGISTER]: Captured registration for entry l2complements:shulkerate_helmet of type minecraft:item
[194月2026 18:57:29.526] [modloading-worker-0/DEBUG] [com.tterrag.registrate.AbstractRegistrate/REGISTRATE.REGISTER]: Captured registration for entry l2complements:shulkerate_chestplate of type minecraft:item
[194月2026 18:57:29.527] [modloading-worker-0/DEBUG] [com.tterrag.registrate.AbstractRegistrate/REGISTRATE.REGISTER]: Captured registration for entry l2complements:shulkerate_leggings of type minecraft:item
[194月2026 18:57:29.527] [modloading-worker-0/DEBUG] [com.tterrag.registrate.AbstractRegistrate/REGISTRATE.REGISTER]: Captured registration for entry l2complements:shulkerate_boots of type minecraft:item
[194月2026 18:57:29.527] [modloading-worker-0/DEBUG] [com.tterrag.registrate.AbstractRegistrate/REGISTRATE.REGISTER]: Captured registration for entry l2complements:shulkerate_sword of type minecraft:item
[194月2026 18:57:29.527] [modloading-worker-0/DEBUG] [com.tterrag.registrate.AbstractRegistrate/REGISTRATE.REGISTER]: Captured registration for entry l2complements:shulkerate_axe of type minecraft:item
[194月2026 18:57:29.527] [modloading-worker-0/DEBUG] [com.tterrag.registrate.AbstractRegistrate/REGISTRATE.REGISTER]: Captured registration for entry l2complements:shulkerate_shovel of type minecraft:item
[194月2026 18:57:29.527] [modloading-worker-0/DEBUG] [com.tterrag.registrate.AbstractRegistrate/REGISTRATE.REGISTER]: Captured registration for entry l2complements:shulkerate_pickaxe of type minecraft:item
[194月2026 18:57:29.527] [modloading-worker-0/DEBUG] [com.tterrag.registrate.AbstractRegistrate/REGISTRATE.REGISTER]: Captured registration for entry l2complements:shulkerate_hoe of type minecraft:item
[194月2026 18:57:29.527] [modloading-worker-0/DEBUG] [mezz.jei.common.config.file.ConfigSerializer/]: Saving config file: C:\Users\tungs\Downloads\Osmium's_Magic-Iron's_Spellbooks_Addon_1.20.1\run-data\config\jei\jei-client.ini
[194月2026 18:57:29.527] [modloading-worker-0/DEBUG] [com.tterrag.registrate.AbstractRegistrate/REGISTRATE.REGISTER]: Captured registration for entry l2complements:sculkium_helmet of type minecraft:item
[194月2026 18:57:29.527] [modloading-worker-0/DEBUG] [com.tterrag.registrate.AbstractRegistrate/REGISTRATE.REGISTER]: Captured registration for entry l2complements:sculkium_chestplate of type minecraft:item
[194月2026 18:57:29.527] [modloading-worker-0/DEBUG] [com.tterrag.registrate.AbstractRegistrate/REGISTRATE.REGISTER]: Captured registration for entry l2complements:sculkium_leggings of type minecraft:item
[194月2026 18:57:29.527] [modloading-worker-0/DEBUG] [com.tterrag.registrate.AbstractRegistrate/REGISTRATE.REGISTER]: Captured registration for entry l2complements:sculkium_boots of type minecraft:item
[194月2026 18:57:29.527] [modloading-worker-0/DEBUG] [com.tterrag.registrate.AbstractRegistrate/REGISTRATE.REGISTER]: Captured registration for entry l2complements:sculkium_sword of type minecraft:item
[194月2026 18:57:29.527] [modloading-worker-0/DEBUG] [com.tterrag.registrate.AbstractRegistrate/REGISTRATE.REGISTER]: Captured registration for entry l2complements:sculkium_axe of type minecraft:item
[194月2026 18:57:29.527] [modloading-worker-0/DEBUG] [com.tterrag.registrate.AbstractRegistrate/REGISTRATE.REGISTER]: Captured registration for entry l2complements:sculkium_shovel of type minecraft:item
[194月2026 18:57:29.527] [modloading-worker-0/DEBUG] [com.tterrag.registrate.AbstractRegistrate/REGISTRATE.REGISTER]: Captured registration for entry l2complements:sculkium_pickaxe of type minecraft:item
[194月2026 18:57:29.527] [modloading-worker-0/DEBUG] [com.tterrag.registrate.AbstractRegistrate/REGISTRATE.REGISTER]: Captured registration for entry l2complements:sculkium_hoe of type minecraft:item
[194月2026 18:57:29.527] [modloading-worker-0/DEBUG] [com.tterrag.registrate.AbstractRegistrate/REGISTRATE.REGISTER]: Captured registration for entry l2complements:eternium_helmet of type minecraft:item
[194月2026 18:57:29.527] [modloading-worker-0/DEBUG] [com.tterrag.registrate.AbstractRegistrate/REGISTRATE.REGISTER]: Captured registration for entry l2complements:eternium_chestplate of type minecraft:item
[194月2026 18:57:29.528] [modloading-worker-0/DEBUG] [com.tterrag.registrate.AbstractRegistrate/REGISTRATE.REGISTER]: Captured registration for entry l2complements:eternium_leggings of type minecraft:item
[194月2026 18:57:29.528] [modloading-worker-0/DEBUG] [com.tterrag.registrate.AbstractRegistrate/REGISTRATE.REGISTER]: Captured registration for entry l2complements:eternium_boots of type minecraft:item
[194月2026 18:57:29.528] [modloading-worker-0/DEBUG] [com.tterrag.registrate.AbstractRegistrate/REGISTRATE.REGISTER]: Captured registration for entry l2complements:eternium_sword of type minecraft:item
[194月2026 18:57:29.528] [modloading-worker-0/DEBUG] [com.tterrag.registrate.AbstractRegistrate/REGISTRATE.REGISTER]: Captured registration for entry l2complements:eternium_axe of type minecraft:item
[194月2026 18:57:29.528] [modloading-worker-0/DEBUG] [com.tterrag.registrate.AbstractRegistrate/REGISTRATE.REGISTER]: Captured registration for entry l2complements:eternium_shovel of type minecraft:item
[194月2026 18:57:29.528] [modloading-worker-0/DEBUG] [com.tterrag.registrate.AbstractRegistrate/REGISTRATE.REGISTER]: Captured registration for entry l2complements:eternium_pickaxe of type minecraft:item
[194月2026 18:57:29.528] [modloading-worker-0/DEBUG] [com.tterrag.registrate.AbstractRegistrate/REGISTRATE.REGISTER]: Captured registration for entry l2complements:eternium_hoe of type minecraft:item
[194月2026 18:57:29.535] [modloading-worker-0/DEBUG] [net.minecraftforge.fml.javafmlmod.AutomaticEventSubscriber/LOADING]: Attempting to inject @EventBusSubscriber classes into the eventbus for forge
[194月2026 18:57:29.536] [modloading-worker-0/DEBUG] [net.minecraftforge.fml.javafmlmod.AutomaticEventSubscriber/LOADING]: Auto-subscribing net.minecraftforge.common.ForgeSpawnEggItem$CommonHandler to MOD
[194月2026 18:57:29.537] [modloading-worker-0/INFO] [mezz.jei.library.load.PluginCaller/]: Sending ConfigManager...
[194月2026 18:57:29.537] [modloading-worker-0/DEBUG] [net.minecraftforge.fml.javafmlmod.AutomaticEventSubscriber/LOADING]: Auto-subscribing net.minecraftforge.common.ForgeSpawnEggItem$ColorRegisterHandler to MOD
[194月2026 18:57:29.546] [modloading-worker-0/DEBUG] [com.tterrag.registrate.AbstractRegistrate/REGISTRATE.REGISTER]: Captured registration for entry l2complements:shulker_armor of type minecraft:enchantment
[194月2026 18:57:29.546] [modloading-worker-0/DEBUG] [mezz.jei.library.load.PluginCallerTimerRunnable/]: Sending ConfigManager: jei:minecraft...
[194月2026 18:57:29.546] [modloading-worker-0/DEBUG] [mezz.jei.library.load.PluginCallerTimerRunnable/]: Sending ConfigManager: osmiumsmagic:jei_plugin...
[194月2026 18:57:29.546] [modloading-worker-0/DEBUG] [mezz.jei.library.load.PluginCallerTimerRunnable/]: Sending ConfigManager: irons_spellbooks:jei_plugin...
[194月2026 18:57:29.546] [modloading-worker-0/DEBUG] [mezz.jei.library.load.PluginCallerTimerRunnable/]: Sending ConfigManager: jei:debug...
[194月2026 18:57:29.546] [modloading-worker-0/DEBUG] [mezz.jei.library.load.PluginCallerTimerRunnable/]: Sending ConfigManager: jei:gui...
[194月2026 18:57:29.546] [modloading-worker-0/DEBUG] [mezz.jei.library.load.PluginCallerTimerRunnable/]: Sending ConfigManager: jei:forge_gui...
[194月2026 18:57:29.546] [modloading-worker-0/DEBUG] [mezz.jei.library.load.PluginCallerTimerRunnable/]: Sending ConfigManager: l2complements:main...
[194月2026 18:57:29.546] [modloading-worker-0/DEBUG] [mezz.jei.library.load.PluginCallerTimerRunnable/]: Sending ConfigManager: curios:curios...
[194月2026 18:57:29.546] [modloading-worker-0/DEBUG] [mezz.jei.library.load.PluginCallerTimerRunnable/]: Sending ConfigManager: jei:internal...
[194月2026 18:57:29.547] [modloading-worker-0/DEBUG] [com.tterrag.registrate.AbstractRegistrate/REGISTRATE.REGISTER]: Captured registration for entry l2complements:ender_mask of type minecraft:enchantment
[194月2026 18:57:29.547] [modloading-worker-0/DEBUG] [net.minecraftforge.fml.javafmlmod.AutomaticEventSubscriber/LOADING]: Auto-subscribing net.minecraftforge.client.model.data.ModelDataManager to FORGE
[194月2026 18:57:29.549] [modloading-worker-0/DEBUG] [com.tterrag.registrate.AbstractRegistrate/REGISTRATE.REGISTER]: Captured registration for entry l2complements:shinny of type minecraft:enchantment
[194月2026 18:57:29.549] [modloading-worker-0/INFO] [mezz.jei.library.load.PluginCaller/]: Sending ConfigManager took 6.615 ms
[194月2026 18:57:29.549] [modloading-worker-0/DEBUG] [com.tterrag.registrate.AbstractRegistrate/REGISTRATE.REGISTER]: Captured registration for entry l2complements:snow_walker of type minecraft:enchantment
[194月2026 18:57:29.551] [modloading-worker-0/DEBUG] [net.minecraftforge.fml.javafmlmod.AutomaticEventSubscriber/LOADING]: Auto-subscribing net.minecraftforge.client.ForgeHooksClient$ClientEvents to MOD
[194月2026 18:57:29.551] [modloading-worker-0/DEBUG] [com.tterrag.registrate.AbstractRegistrate/REGISTRATE.REGISTER]: Captured registration for entry l2complements:stable_body of type minecraft:enchantment
[194月2026 18:57:29.551] [modloading-worker-0/DEBUG] [com.tterrag.registrate.AbstractRegistrate/REGISTRATE.REGISTER]: Captured registration for entry l2complements:ender_reach of type minecraft:enchantment
[194月2026 18:57:29.553] [modloading-worker-0/DEBUG] [com.tterrag.registrate.AbstractRegistrate/REGISTRATE.REGISTER]: Captured registration for entry l2complements:durable_armor of type minecraft:enchantment
[194月2026 18:57:29.554] [modloading-worker-0/DEBUG] [com.tterrag.registrate.AbstractRegistrate/REGISTRATE.REGISTER]: Captured registration for entry l2complements:smelt of type minecraft:enchantment
[194月2026 18:57:29.556] [modloading-worker-0/DEBUG] [com.tterrag.registrate.AbstractRegistrate/REGISTRATE.REGISTER]: Captured registration for entry l2complements:life_mending of type minecraft:enchantment
[194月2026 18:57:29.557] [modloading-worker-0/DEBUG] [com.tterrag.registrate.AbstractRegistrate/REGISTRATE.REGISTER]: Captured registration for entry l2complements:life_sync of type minecraft:enchantment
[194月2026 18:57:29.557] [modloading-worker-0/DEBUG] [com.tterrag.registrate.AbstractRegistrate/REGISTRATE.REGISTER]: Captured registration for entry l2complements:safeguard of type minecraft:enchantment
[194月2026 18:57:29.558] [modloading-worker-0/DEBUG] [com.tterrag.registrate.AbstractRegistrate/REGISTRATE.REGISTER]: Captured registration for entry l2complements:hardened of type minecraft:enchantment
[194月2026 18:57:29.560] [modloading-worker-0/DEBUG] [com.tterrag.registrate.AbstractRegistrate/REGISTRATE.REGISTER]: Captured registration for entry l2complements:dampened of type minecraft:enchantment
[194月2026 18:57:29.561] [modloading-worker-0/DEBUG] [com.tterrag.registrate.AbstractRegistrate/REGISTRATE.REGISTER]: Captured registration for entry l2complements:soul_bound of type minecraft:enchantment
[194月2026 18:57:29.561] [modloading-worker-0/DEBUG] [net.minecraftforge.fml.javafmlmod.AutomaticEventSubscriber/LOADING]: Attempting to inject @EventBusSubscriber classes into the eventbus for jei
[194月2026 18:57:29.561] [modloading-worker-0/DEBUG] [com.tterrag.registrate.AbstractRegistrate/REGISTRATE.REGISTER]: Captured registration for entry l2complements:eternal of type minecraft:enchantment
[194月2026 18:57:29.562] [modloading-worker-0/DEBUG] [com.tterrag.registrate.AbstractRegistrate/REGISTRATE.REGISTER]: Captured registration for entry l2complements:wind_sweep of type minecraft:enchantment
[194月2026 18:57:29.563] [modloading-worker-0/DEBUG] [net.minecraftforge.fml.javafmlmod.AutomaticEventSubscriber/LOADING]: Auto-subscribing net.minecraftforge.client.ClientForgeMod to MOD
[194月2026 18:57:29.563] [modloading-worker-0/DEBUG] [com.tterrag.registrate.AbstractRegistrate/REGISTRATE.REGISTER]: Captured registration for entry l2complements:ice_blade of type minecraft:enchantment
[194月2026 18:57:29.563] [modloading-worker-0/DEBUG] [com.tterrag.registrate.AbstractRegistrate/REGISTRATE.REGISTER]: Captured registration for entry l2complements:soul_flame_blade of type minecraft:enchantment
[194月2026 18:57:29.563] [modloading-worker-0/DEBUG] [com.tterrag.registrate.AbstractRegistrate/REGISTRATE.REGISTER]: Captured registration for entry l2complements:cursed_blade of type minecraft:enchantment
[194月2026 18:57:29.563] [modloading-worker-0/DEBUG] [com.tterrag.registrate.AbstractRegistrate/REGISTRATE.REGISTER]: Captured registration for entry l2complements:sharp_blade of type minecraft:enchantment
[194月2026 18:57:29.568] [modloading-worker-0/DEBUG] [com.tterrag.registrate.AbstractRegistrate/REGISTRATE.REGISTER]: Captured registration for entry l2complements:ice_thorn of type minecraft:enchantment
[194月2026 18:57:29.568] [modloading-worker-0/DEBUG] [com.tterrag.registrate.AbstractRegistrate/REGISTRATE.REGISTER]: Captured registration for entry l2complements:soul_flame_thorn of type minecraft:enchantment
[194月2026 18:57:29.568] [modloading-worker-0/DEBUG] [com.tterrag.registrate.AbstractRegistrate/REGISTRATE.REGISTER]: Captured registration for entry l2complements:void_touch of type minecraft:enchantment
[194月2026 18:57:29.568] [modloading-worker-0/DEBUG] [com.tterrag.registrate.AbstractRegistrate/REGISTRATE.REGISTER]: Captured registration for entry l2complements:projectile_reject of type minecraft:enchantment
[194月2026 18:57:29.568] [modloading-worker-0/DEBUG] [com.tterrag.registrate.AbstractRegistrate/REGISTRATE.REGISTER]: Captured registration for entry l2complements:fire_reject of type minecraft:enchantment
[194月2026 18:57:29.568] [modloading-worker-0/DEBUG] [com.tterrag.registrate.AbstractRegistrate/REGISTRATE.REGISTER]: Captured registration for entry l2complements:environment_reject of type minecraft:enchantment
[194月2026 18:57:29.568] [modloading-worker-0/DEBUG] [com.tterrag.registrate.AbstractRegistrate/REGISTRATE.REGISTER]: Captured registration for entry l2complements:explosion_reject of type minecraft:enchantment
[194月2026 18:57:29.568] [modloading-worker-0/DEBUG] [com.tterrag.registrate.AbstractRegistrate/REGISTRATE.REGISTER]: Captured registration for entry l2complements:magic_reject of type minecraft:enchantment
[194月2026 18:57:29.568] [modloading-worker-0/DEBUG] [com.tterrag.registrate.AbstractRegistrate/REGISTRATE.REGISTER]: Captured registration for entry l2complements:invincible of type minecraft:enchantment
[194月2026 18:57:29.568] [modloading-worker-0/DEBUG] [com.tterrag.registrate.AbstractRegistrate/REGISTRATE.REGISTER]: Captured registration for entry l2complements:owner_protection of type minecraft:enchantment
[194月2026 18:57:29.568] [modloading-worker-0/DEBUG] [com.tterrag.registrate.AbstractRegistrate/REGISTRATE.REGISTER]: Captured registration for entry l2complements:cubic_digging of type minecraft:enchantment
[194月2026 18:57:29.568] [modloading-worker-0/DEBUG] [com.tterrag.registrate.AbstractRegistrate/REGISTRATE.REGISTER]: Captured registration for entry l2complements:plane_digging of type minecraft:enchantment
[194月2026 18:57:29.568] [modloading-worker-0/DEBUG] [com.tterrag.registrate.AbstractRegistrate/REGISTRATE.REGISTER]: Captured registration for entry l2complements:drill_digging of type minecraft:enchantment
[194月2026 18:57:29.568] [modloading-worker-0/DEBUG] [com.tterrag.registrate.AbstractRegistrate/REGISTRATE.REGISTER]: Captured registration for entry l2complements:vien_mining of type minecraft:enchantment
[194月2026 18:57:29.568] [modloading-worker-0/DEBUG] [com.tterrag.registrate.AbstractRegistrate/REGISTRATE.REGISTER]: Captured registration for entry l2complements:tree_chopping of type minecraft:enchantment
[194月2026 18:57:29.568] [modloading-worker-0/DEBUG] [com.tterrag.registrate.AbstractRegistrate/REGISTRATE.REGISTER]: Captured registration for entry l2complements:cubic_eater of type minecraft:enchantment
[194月2026 18:57:29.568] [modloading-worker-0/DEBUG] [com.tterrag.registrate.AbstractRegistrate/REGISTRATE.REGISTER]: Captured registration for entry l2complements:plane_eater of type minecraft:enchantment
[194月2026 18:57:29.568] [modloading-worker-0/DEBUG] [com.tterrag.registrate.AbstractRegistrate/REGISTRATE.REGISTER]: Captured registration for entry l2complements:emerald_splash of type minecraft:mob_effect
[194月2026 18:57:29.579] [modloading-worker-0/DEBUG] [com.tterrag.registrate.AbstractRegistrate/REGISTRATE.REGISTER]: Captured registration for entry l2complements:flame of type minecraft:mob_effect
[194月2026 18:57:29.580] [modloading-worker-0/DEBUG] [com.tterrag.registrate.AbstractRegistrate/REGISTRATE.REGISTER]: Captured registration for entry l2complements:frozen of type minecraft:mob_effect
[194月2026 18:57:29.580] [modloading-worker-0/DEBUG] [com.tterrag.registrate.AbstractRegistrate/REGISTRATE.REGISTER]: Captured registration for entry l2complements:armor_reduce of type minecraft:mob_effect
[194月2026 18:57:29.580] [modloading-worker-0/DEBUG] [com.tterrag.registrate.AbstractRegistrate/REGISTRATE.REGISTER]: Captured registration for entry l2complements:stone_cage of type minecraft:mob_effect
[194月2026 18:57:29.583] [modloading-worker-0/DEBUG] [com.tterrag.registrate.AbstractRegistrate/REGISTRATE.REGISTER]: Captured registration for entry l2complements:curse of type minecraft:mob_effect
[194月2026 18:57:29.583] [modloading-worker-0/DEBUG] [com.tterrag.registrate.AbstractRegistrate/REGISTRATE.REGISTER]: Captured registration for entry l2complements:bleed of type minecraft:mob_effect
[194月2026 18:57:29.583] [modloading-worker-0/DEBUG] [com.tterrag.registrate.AbstractRegistrate/REGISTRATE.REGISTER]: Captured registration for entry l2complements:cleanse of type minecraft:mob_effect
[194月2026 18:57:29.583] [modloading-worker-0/DEBUG] [com.tterrag.registrate.AbstractRegistrate/REGISTRATE.REGISTER]: Captured registration for entry l2complements:flame of type minecraft:potion
[194月2026 18:57:29.583] [modloading-worker-0/DEBUG] [com.tterrag.registrate.AbstractRegistrate/REGISTRATE.REGISTER]: Captured registration for entry l2complements:long_flame of type minecraft:potion
[194月2026 18:57:29.583] [modloading-worker-0/DEBUG] [com.tterrag.registrate.AbstractRegistrate/REGISTRATE.REGISTER]: Captured registration for entry l2complements:strong_flame of type minecraft:potion
[194月2026 18:57:29.583] [modloading-worker-0/DEBUG] [com.tterrag.registrate.AbstractRegistrate/REGISTRATE.REGISTER]: Captured registration for entry l2complements:frozen of type minecraft:potion
[194月2026 18:57:29.583] [modloading-worker-0/DEBUG] [com.tterrag.registrate.AbstractRegistrate/REGISTRATE.REGISTER]: Captured registration for entry l2complements:long_frozen of type minecraft:potion
[194月2026 18:57:29.583] [modloading-worker-0/DEBUG] [com.tterrag.registrate.AbstractRegistrate/REGISTRATE.REGISTER]: Captured registration for entry l2complements:stone_cage of type minecraft:potion
[194月2026 18:57:29.583] [modloading-worker-0/DEBUG] [com.tterrag.registrate.AbstractRegistrate/REGISTRATE.REGISTER]: Captured registration for entry l2complements:long_stone_cage of type minecraft:potion
[194月2026 18:57:29.583] [modloading-worker-0/DEBUG] [com.tterrag.registrate.AbstractRegistrate/REGISTRATE.REGISTER]: Captured registration for entry l2complements:curse of type minecraft:potion
[194月2026 18:57:29.583] [modloading-worker-0/DEBUG] [com.tterrag.registrate.AbstractRegistrate/REGISTRATE.REGISTER]: Captured registration for entry l2complements:long_curse of type minecraft:potion
[194月2026 18:57:29.583] [modloading-worker-0/DEBUG] [com.tterrag.registrate.AbstractRegistrate/REGISTRATE.REGISTER]: Captured registration for entry l2complements:cleanse of type minecraft:potion
[194月2026 18:57:29.583] [modloading-worker-0/DEBUG] [com.tterrag.registrate.AbstractRegistrate/REGISTRATE.REGISTER]: Captured registration for entry l2complements:long_cleanse of type minecraft:potion
[194月2026 18:57:29.583] [modloading-worker-0/DEBUG] [com.tterrag.registrate.AbstractRegistrate/REGISTRATE.REGISTER]: Captured registration for entry l2complements:armor_reduce of type minecraft:potion
[194月2026 18:57:29.583] [modloading-worker-0/DEBUG] [com.tterrag.registrate.AbstractRegistrate/REGISTRATE.REGISTER]: Captured registration for entry l2complements:long_armor_reduce of type minecraft:potion
[194月2026 18:57:29.583] [modloading-worker-0/DEBUG] [com.tterrag.registrate.AbstractRegistrate/REGISTRATE.REGISTER]: Captured registration for entry l2complements:strong_armor_reduce of type minecraft:potion
[194月2026 18:57:29.583] [modloading-worker-0/DEBUG] [com.tterrag.registrate.AbstractRegistrate/REGISTRATE.REGISTER]: Captured registration for entry l2complements:levitation of type minecraft:potion
[194月2026 18:57:29.583] [modloading-worker-0/DEBUG] [com.tterrag.registrate.AbstractRegistrate/REGISTRATE.REGISTER]: Captured registration for entry l2complements:long_levitation of type minecraft:potion
[194月2026 18:57:29.583] [modloading-worker-0/DEBUG] [com.tterrag.registrate.AbstractRegistrate/REGISTRATE.REGISTER]: Captured registration for entry l2complements:resistance of type minecraft:potion
[194月2026 18:57:29.583] [modloading-worker-0/DEBUG] [com.tterrag.registrate.AbstractRegistrate/REGISTRATE.REGISTER]: Captured registration for entry l2complements:long_resistance of type minecraft:potion
[194月2026 18:57:29.583] [modloading-worker-0/DEBUG] [com.tterrag.registrate.AbstractRegistrate/REGISTRATE.REGISTER]: Captured registration for entry l2complements:strong_resistance of type minecraft:potion
[194月2026 18:57:29.583] [modloading-worker-0/DEBUG] [com.tterrag.registrate.AbstractRegistrate/REGISTRATE.REGISTER]: Captured registration for entry l2complements:emerald_splash of type minecraft:potion
[194月2026 18:57:29.583] [modloading-worker-0/DEBUG] [com.tterrag.registrate.AbstractRegistrate/REGISTRATE.REGISTER]: Captured registration for entry l2complements:long_emerald_splash of type minecraft:potion
[194月2026 18:57:29.583] [modloading-worker-0/DEBUG] [com.tterrag.registrate.AbstractRegistrate/REGISTRATE.REGISTER]: Captured registration for entry l2complements:strong_emerald_splash of type minecraft:potion
[194月2026 18:57:29.583] [modloading-worker-0/DEBUG] [com.tterrag.registrate.AbstractRegistrate/REGISTRATE.REGISTER]: Captured registration for entry l2complements:emerald_splash of type minecraft:particle_type
[194月2026 18:57:29.595] [modloading-worker-0/DEBUG] [com.tterrag.registrate.AbstractRegistrate/REGISTRATE.REGISTER]: Captured registration for entry l2complements:soul_fire_charge of type minecraft:entity_type
[194月2026 18:57:29.595] [modloading-worker-0/DEBUG] [com.tterrag.registrate.AbstractRegistrate/REGISTRATE.REGISTER]: Captured registration for entry l2complements:strong_fire_charge of type minecraft:entity_type
[194月2026 18:57:29.595] [modloading-worker-0/DEBUG] [com.tterrag.registrate.AbstractRegistrate/REGISTRATE.REGISTER]: Captured registration for entry l2complements:black_fire_charge of type minecraft:entity_type
[194月2026 18:57:29.595] [modloading-worker-0/DEBUG] [com.tterrag.registrate.AbstractRegistrate/REGISTRATE.REGISTER]: Captured registration for entry l2complements:burnt of type minecraft:recipe_type
[194月2026 18:57:29.595] [modloading-worker-0/DEBUG] [com.tterrag.registrate.AbstractRegistrate/REGISTRATE.REGISTER]: Captured registration for entry l2complements:diffusion of type minecraft:recipe_type
[194月2026 18:57:29.595] [modloading-worker-0/DEBUG] [com.tterrag.registrate.AbstractRegistrate/REGISTRATE.REGISTER]: Captured registration for entry l2complements:burnt of type minecraft:recipe_serializer
[194月2026 18:57:29.595] [modloading-worker-0/DEBUG] [com.tterrag.registrate.AbstractRegistrate/REGISTRATE.REGISTER]: Captured registration for entry l2complements:diffusion of type minecraft:recipe_serializer
[194月2026 18:57:29.595] [modloading-worker-0/DEBUG] [net.minecraftforge.fml.ModLoadingContext/]: Attempted to register an empty config for type CLIENT on mod l2complements using file name l2_configs/l2complements-client.toml
[194月2026 18:57:29.595] [modloading-worker-0/DEBUG] [net.minecraftforge.fml.config.ConfigTracker/CONFIG]: Config file l2_configs/l2complements-common.toml for l2complements tracking
[194月2026 18:57:29.607] [modloading-worker-0/DEBUG] [net.minecraftforge.fml.javafmlmod.AutomaticEventSubscriber/LOADING]: Attempting to inject @EventBusSubscriber classes into the eventbus for l2complements
[194月2026 18:57:29.607] [modloading-worker-0/DEBUG] [net.minecraftforge.fml.javafmlmod.AutomaticEventSubscriber/LOADING]: Auto-subscribing dev.xkmc.l2complements.init.L2ComplementsClient to MOD
[194月2026 18:57:29.610] [modloading-worker-0/DEBUG] [net.minecraftforge.fml.config.ConfigTracker/CONFIG]: Config file irons_spellbooks-client.toml for irons_spellbooks tracking
[194月2026 18:57:29.614] [modloading-worker-0/DEBUG] [net.minecraftforge.fml.javafmlmod.AutomaticEventSubscriber/LOADING]: Auto-subscribing dev.xkmc.l2complements.init.L2Complements to MOD
[194月2026 18:57:29.614] [modloading-worker-0/DEBUG] [net.minecraftforge.fml.javafmlmod.AutomaticEventSubscriber/LOADING]: Auto-subscribing dev.xkmc.l2complements.events.SpecialEquipmentEvents to FORGE
[194月2026 18:57:29.619] [modloading-worker-0/DEBUG] [net.minecraftforge.fml.javafmlmod.AutomaticEventSubscriber/LOADING]: Auto-subscribing dev.xkmc.l2complements.events.MaterialEventHandler to FORGE
[194月2026 18:57:29.623] [modloading-worker-0/DEBUG] [net.minecraftforge.fml.javafmlmod.AutomaticEventSubscriber/LOADING]: Auto-subscribing dev.xkmc.l2complements.events.MagicEventHandler to FORGE
[194月2026 18:57:29.636] [modloading-worker-0/DEBUG] [net.minecraftforge.fml.config.ConfigTracker/CONFIG]: Config file irons_spellbooks-server.toml for irons_spellbooks tracking
[194月2026 18:57:29.640] [modloading-worker-0/DEBUG] [net.minecraftforge.fml.javafmlmod.AutomaticEventSubscriber/LOADING]: Attempting to inject @EventBusSubscriber classes into the eventbus for irons_spellbooks
[194月2026 18:57:29.640] [modloading-worker-0/DEBUG] [net.minecraftforge.fml.javafmlmod.AutomaticEventSubscriber/LOADING]: Auto-subscribing io.redspace.ironsspellbooks.worldgen.VillageAddition to FORGE
[194月2026 18:57:29.640] [modloading-worker-0/DEBUG] [net.minecraftforge.fml.javafmlmod.AutomaticEventSubscriber/LOADING]: Auto-subscribing io.redspace.ironsspellbooks.setup.PlayerAnimationTrigger to FORGE
[194月2026 18:57:29.645] [modloading-worker-0/DEBUG] [net.minecraftforge.fml.javafmlmod.AutomaticEventSubscriber/LOADING]: Auto-subscribing dev.xkmc.l2complements.events.ItemUseEventHandler to FORGE
[194月2026 18:57:29.645] [modloading-worker-0/DEBUG] [net.minecraftforge.fml.javafmlmod.AutomaticEventSubscriber/LOADING]: Auto-subscribing io.redspace.ironsspellbooks.setup.DataHandling to FORGE
[194月2026 18:57:29.648] [modloading-worker-0/DEBUG] [net.minecraftforge.fml.javafmlmod.AutomaticEventSubscriber/LOADING]: Auto-subscribing io.redspace.ironsspellbooks.setup.CommonSetup to MOD
[194月2026 18:57:29.651] [modloading-worker-0/DEBUG] [net.minecraftforge.fml.javafmlmod.AutomaticEventSubscriber/LOADING]: Auto-subscribing dev.xkmc.l2complements.events.ClientEventHandler to FORGE
[194月2026 18:57:29.651] [modloading-worker-0/DEBUG] [net.minecraftforge.fml.javafmlmod.AutomaticEventSubscriber/LOADING]: Auto-subscribing io.redspace.ironsspellbooks.setup.ClientSetup to MOD
[194月2026 18:57:29.665] [modloading-worker-0/DEBUG] [net.minecraftforge.fml.javafmlmod.AutomaticEventSubscriber/LOADING]: Auto-subscribing io.redspace.ironsspellbooks.registries.OverlayRegistry to FORGE
[194月2026 18:57:29.665] [modloading-worker-0/DEBUG] [net.minecraftforge.fml.javafmlmod.AutomaticEventSubscriber/LOADING]: Auto-subscribing io.redspace.ironsspellbooks.registries.CreativeTabRegistry to MOD
[194月2026 18:57:29.665] [modloading-worker-0/DEBUG] [net.minecraftforge.fml.javafmlmod.AutomaticEventSubscriber/LOADING]: Auto-subscribing io.redspace.ironsspellbooks.registries.CommandRegistry to FORGE
[194月2026 18:57:29.665] [modloading-worker-0/DEBUG] [net.minecraftforge.fml.javafmlmod.AutomaticEventSubscriber/LOADING]: Auto-subscribing io.redspace.ironsspellbooks.player.ServerPlayerEvents to FORGE
[194月2026 18:57:29.691] [modloading-worker-0/DEBUG] [net.minecraftforge.fml.javafmlmod.AutomaticEventSubscriber/LOADING]: Auto-subscribing io.redspace.ironsspellbooks.player.KeyMappings to MOD
[194月2026 18:57:29.739] [modloading-worker-0/DEBUG] [net.minecraftforge.fml.javafmlmod.AutomaticEventSubscriber/LOADING]: Auto-subscribing io.redspace.ironsspellbooks.player.ClientPlayerEvents to FORGE
[194月2026 18:57:29.743] [modloading-worker-0/DEBUG] [net.minecraftforge.fml.javafmlmod.AutomaticEventSubscriber/LOADING]: Auto-subscribing io.redspace.ironsspellbooks.player.ClientInputEvents to FORGE
[194月2026 18:57:29.743] [modloading-worker-0/DEBUG] [net.minecraftforge.fml.javafmlmod.AutomaticEventSubscriber/LOADING]: Auto-subscribing io.redspace.ironsspellbooks.player.AdditionalWanderingTrades to FORGE
[194月2026 18:57:29.748] [modloading-worker-0/DEBUG] [net.minecraftforge.fml.javafmlmod.AutomaticEventSubscriber/LOADING]: Auto-subscribing io.redspace.ironsspellbooks.loot.LootDebugEvents to FORGE
[194月2026 18:57:29.748] [modloading-worker-0/DEBUG] [net.minecraftforge.fml.javafmlmod.AutomaticEventSubscriber/LOADING]: Auto-subscribing io.redspace.ironsspellbooks.entity.spells.EarthquakeAoe to FORGE
[194月2026 18:57:29.751] [modloading-worker-0/DEBUG] [mixin/]: Mixing DamageSourcesMixin from l2damagetracker.mixins.json into net.minecraft.world.damagesource.DamageSources
[194月2026 18:57:29.773] [modloading-worker-0/DEBUG] [net.minecraftforge.fml.javafmlmod.AutomaticEventSubscriber/LOADING]: Auto-subscribing io.redspace.ironsspellbooks.entity.mobs.wizards.WizardAIEvents to FORGE
[194月2026 18:57:29.775] [modloading-worker-0/DEBUG] [net.minecraftforge.fml.javafmlmod.AutomaticEventSubscriber/LOADING]: Auto-subscribing io.redspace.ironsspellbooks.entity.mobs.dead_king_boss.DeadKingMusicManager to FORGE
[194月2026 18:57:29.779] [modloading-worker-0/DEBUG] [net.minecraftforge.fml.javafmlmod.AutomaticEventSubscriber/LOADING]: Auto-subscribing io.redspace.ironsspellbooks.effect.guiding_bolt.GuidingBoltManager to FORGE
[194月2026 18:57:29.779] [modloading-worker-0/DEBUG] [net.minecraftforge.fml.javafmlmod.AutomaticEventSubscriber/LOADING]: Auto-subscribing io.redspace.ironsspellbooks.effect.ThunderstormEffect to FORGE
[194月2026 18:57:29.781] [modloading-worker-0/DEBUG] [net.minecraftforge.fml.javafmlmod.AutomaticEventSubscriber/LOADING]: Auto-subscribing io.redspace.ironsspellbooks.effect.OakskinEffect to FORGE
[194月2026 18:57:29.781] [modloading-worker-0/DEBUG] [net.minecraftforge.fml.javafmlmod.AutomaticEventSubscriber/LOADING]: Auto-subscribing io.redspace.ironsspellbooks.effect.GluttonyEffect to FORGE
[194月2026 18:57:29.783] [modloading-worker-0/DEBUG] [net.minecraftforge.fml.javafmlmod.AutomaticEventSubscriber/LOADING]: Auto-subscribing io.redspace.ironsspellbooks.effect.EchoingStrikesEffect to FORGE
[194月2026 18:57:29.783] [modloading-worker-0/DEBUG] [net.minecraftforge.fml.javafmlmod.AutomaticEventSubscriber/LOADING]: Auto-subscribing io.redspace.ironsspellbooks.effect.BlightEffect to FORGE
[194月2026 18:57:29.783] [modloading-worker-0/DEBUG] [net.minecraftforge.fml.javafmlmod.AutomaticEventSubscriber/LOADING]: Auto-subscribing io.redspace.ironsspellbooks.datagen.DataGenerators to MOD
[194月2026 18:57:29.785] [modloading-worker-0/DEBUG] [net.minecraftforge.fml.javafmlmod.AutomaticEventSubscriber/LOADING]: Auto-subscribing io.redspace.ironsspellbooks.damage.DamageSources to FORGE
[194月2026 18:57:29.786] [modloading-worker-0/DEBUG] [net.minecraftforge.fml.javafmlmod.AutomaticEventSubscriber/LOADING]: Auto-subscribing io.redspace.ironsspellbooks.api.util.CameraShakeManager to FORGE
[194月2026 18:57:29.792] [modloading-worker-0/DEBUG] [net.minecraftforge.fml.javafmlmod.AutomaticEventSubscriber/LOADING]: Auto-subscribing io.redspace.ironsspellbooks.api.registry.AttributeRegistry to MOD
[194月2026 18:57:29.815] [main/DEBUG] [net.minecraftforge.registries.ObjectHolderRegistry/REGISTRIES]: Processing ObjectHolder annotations
[194月2026 18:57:29.830] [main/DEBUG] [net.minecraftforge.registries.ObjectHolderRegistry/REGISTRIES]: Found 4701 ObjectHolder annotations
[194月2026 18:57:29.833] [main/DEBUG] [net.minecraftforge.common.capabilities.CapabilityManager/CAPABILITIES]: Attempting to automatically register: Lnet/minecraftforge/energy/IEnergyStorage;
[194月2026 18:57:29.833] [main/DEBUG] [net.minecraftforge.common.capabilities.CapabilityManager/CAPABILITIES]: Attempting to automatically register: Lnet/minecraftforge/fluids/capability/IFluidHandler;
[194月2026 18:57:29.833] [main/DEBUG] [net.minecraftforge.common.capabilities.CapabilityManager/CAPABILITIES]: Attempting to automatically register: Lnet/minecraftforge/fluids/capability/IFluidHandlerItem;
[194月2026 18:57:29.833] [main/DEBUG] [net.minecraftforge.common.capabilities.CapabilityManager/CAPABILITIES]: Attempting to automatically register: Lnet/minecraftforge/items/IItemHandler;
[194月2026 18:57:29.841] [main/DEBUG] [net.minecraftforge.registries.GameData/REGISTRIES]: Unfreezing vanilla registries
[194月2026 18:57:29.841] [main/DEBUG] [net.minecraftforge.registries.GameData/REGISTRIES]: Applying holder lookups: minecraft:sound_event
[194月2026 18:57:29.849] [main/DEBUG] [net.minecraftforge.registries.GameData/REGISTRIES]: Holder lookups applied: minecraft:sound_event
[194月2026 18:57:29.856] [main/DEBUG] [net.minecraftforge.registries.GameData/REGISTRIES]: Applying holder lookups: minecraft:fluid
[194月2026 18:57:29.857] [main/DEBUG] [net.minecraftforge.registries.GameData/REGISTRIES]: Holder lookups applied: minecraft:fluid
[194月2026 18:57:29.858] [main/DEBUG] [com.tterrag.registrate.AbstractRegistrate/REGISTRATE.REGISTER]: (l2complements) Registering 6 known objects of type minecraft:block
[194月2026 18:57:29.865] [main/DEBUG] [com.tterrag.registrate.AbstractRegistrate/REGISTRATE.REGISTER]: Registered l2complements:eternal_anvil to registry minecraft:block
[194月2026 18:57:29.865] [main/DEBUG] [com.tterrag.registrate.AbstractRegistrate/REGISTRATE.REGISTER]: Registered l2complements:totemic_gold_block to registry minecraft:block
[194月2026 18:57:29.865] [main/DEBUG] [com.tterrag.registrate.AbstractRegistrate/REGISTRATE.REGISTER]: Registered l2complements:poseidite_block to registry minecraft:block
[194月2026 18:57:29.865] [main/DEBUG] [com.tterrag.registrate.AbstractRegistrate/REGISTRATE.REGISTER]: Registered l2complements:shulkerate_block to registry minecraft:block
[194月2026 18:57:29.865] [main/DEBUG] [com.tterrag.registrate.AbstractRegistrate/REGISTRATE.REGISTER]: Registered l2complements:sculkium_block to registry minecraft:block
[194月2026 18:57:29.865] [main/DEBUG] [com.tterrag.registrate.AbstractRegistrate/REGISTRATE.REGISTER]: Registered l2complements:eternium_block to registry minecraft:block
[194月2026 18:57:29.865] [main/DEBUG] [net.minecraftforge.registries.GameData/REGISTRIES]: Applying holder lookups: minecraft:block
[194月2026 18:57:29.865] [main/DEBUG] [net.minecraftforge.registries.GameData/REGISTRIES]: Holder lookups applied: minecraft:block
[194月2026 18:57:29.865] [main/DEBUG] [com.tterrag.registrate.AbstractRegistrate/REGISTRATE.REGISTER]: (l2damagetracker) Registering 3 known objects of type minecraft:attribute
[194月2026 18:57:29.865] [main/DEBUG] [com.tterrag.registrate.AbstractRegistrate/REGISTRATE.REGISTER]: Registered l2damagetracker:crit_rate to registry minecraft:attribute
[194月2026 18:57:29.865] [main/DEBUG] [com.tterrag.registrate.AbstractRegistrate/REGISTRATE.REGISTER]: Registered l2damagetracker:crit_damage to registry minecraft:attribute
[194月2026 18:57:29.865] [main/DEBUG] [com.tterrag.registrate.AbstractRegistrate/REGISTRATE.REGISTER]: Registered l2damagetracker:bow_strength to registry minecraft:attribute
[194月2026 18:57:29.865] [main/DEBUG] [net.minecraftforge.registries.GameData/REGISTRIES]: Applying holder lookups: minecraft:attribute
[194月2026 18:57:29.865] [main/DEBUG] [net.minecraftforge.registries.GameData/REGISTRIES]: Holder lookups applied: minecraft:attribute
[194月2026 18:57:29.865] [main/DEBUG] [com.tterrag.registrate.AbstractRegistrate/REGISTRATE.REGISTER]: (l2complements) Registering 8 known objects of type minecraft:mob_effect
[194月2026 18:57:29.865] [main/DEBUG] [com.tterrag.registrate.AbstractRegistrate/REGISTRATE.REGISTER]: Registered l2complements:emerald_splash to registry minecraft:mob_effect
[194月2026 18:57:29.865] [main/DEBUG] [com.tterrag.registrate.AbstractRegistrate/REGISTRATE.REGISTER]: Registered l2complements:flame to registry minecraft:mob_effect
[194月2026 18:57:29.865] [main/DEBUG] [com.tterrag.registrate.AbstractRegistrate/REGISTRATE.REGISTER]: Registered l2complements:frozen to registry minecraft:mob_effect
[194月2026 18:57:29.865] [main/DEBUG] [com.tterrag.registrate.AbstractRegistrate/REGISTRATE.REGISTER]: Registered l2complements:armor_reduce to registry minecraft:mob_effect
[194月2026 18:57:29.865] [main/DEBUG] [com.tterrag.registrate.AbstractRegistrate/REGISTRATE.REGISTER]: Registered l2complements:stone_cage to registry minecraft:mob_effect
[194月2026 18:57:29.865] [main/DEBUG] [com.tterrag.registrate.AbstractRegistrate/REGISTRATE.REGISTER]: Registered l2complements:curse to registry minecraft:mob_effect
[194月2026 18:57:29.865] [main/DEBUG] [com.tterrag.registrate.AbstractRegistrate/REGISTRATE.REGISTER]: Registered l2complements:bleed to registry minecraft:mob_effect
[194月2026 18:57:29.865] [main/DEBUG] [com.tterrag.registrate.AbstractRegistrate/REGISTRATE.REGISTER]: Registered l2complements:cleanse to registry minecraft:mob_effect
[194月2026 18:57:29.865] [main/DEBUG] [net.minecraftforge.registries.GameData/REGISTRIES]: Applying holder lookups: minecraft:mob_effect
[194月2026 18:57:29.865] [main/DEBUG] [net.minecraftforge.registries.GameData/REGISTRIES]: Holder lookups applied: minecraft:mob_effect
[194月2026 18:57:29.899] [main/DEBUG] [com.tterrag.registrate.AbstractRegistrate/REGISTRATE.REGISTER]: (l2complements) Registering 1 known objects of type minecraft:particle_type
[194月2026 18:57:29.899] [main/DEBUG] [com.tterrag.registrate.AbstractRegistrate/REGISTRATE.REGISTER]: Registered l2complements:emerald_splash to registry minecraft:particle_type
[194月2026 18:57:29.899] [main/DEBUG] [net.minecraftforge.registries.GameData/REGISTRIES]: Applying holder lookups: minecraft:particle_type
[194月2026 18:57:29.899] [main/DEBUG] [net.minecraftforge.registries.GameData/REGISTRIES]: Holder lookups applied: minecraft:particle_type
[194月2026 18:57:29.908] [main/DEBUG] [io.netty.util.internal.InternalThreadLocalMap/]: -Dio.netty.threadLocalMap.stringBuilder.initialSize: 1024
[194月2026 18:57:29.908] [main/DEBUG] [io.netty.util.internal.InternalThreadLocalMap/]: -Dio.netty.threadLocalMap.stringBuilder.maxSize: 4096
[194月2026 18:57:29.909] [main/DEBUG] [io.netty.util.internal.ThreadLocalRandom/]: -Dio.netty.initialSeedUniquifier: 0x96ec9e6874cbdee4
[194月2026 18:57:29.926] [main/DEBUG] [software.bernie.geckolib.GeckoLib/]: Registered SyncedAnimatable for class software.bernie.example.item.JackInTheBoxItem
[194月2026 18:57:29.928] [main/DEBUG] [mixin/]: Mixing BipedEntityModelMixin from playerAnimator-common.mixins.json into net.minecraft.client.model.HumanoidModel
[194月2026 18:57:29.928] [main/DEBUG] [mixin/]: playerAnimator-common.mixins.json:BipedEntityModelMixin: Class version 61 required is higher than the class version supported by the current version of Mixin (JAVA_16 supports class version 60)
[194月2026 18:57:29.928] [main/DEBUG] [mixin/]: Renaming synthetic method lambda$renderToBuffer$3(Lcom/mojang/blaze3d/vertex/PoseStack;Lcom/mojang/blaze3d/vertex/VertexConsumer;IIFFFFLnet/minecraft/client/model/geom/ModelPart;)V to mde543ad$lambda$renderToBuffer$3$0 in playerAnimator-common.mixins.json:BipedEntityModelMixin
[194月2026 18:57:29.928] [main/DEBUG] [mixin/]: Renaming synthetic method lambda$renderToBuffer$2(Lcom/mojang/blaze3d/vertex/PoseStack;Lcom/mojang/blaze3d/vertex/VertexConsumer;IIFFFFLnet/minecraft/client/model/geom/ModelPart;)V to mde543ad$lambda$renderToBuffer$2$1 in playerAnimator-common.mixins.json:BipedEntityModelMixin
[194月2026 18:57:29.928] [main/DEBUG] [mixin/]: Renaming synthetic method lambda$renderToBuffer$1(Lcom/mojang/blaze3d/vertex/PoseStack;Lcom/mojang/blaze3d/vertex/VertexConsumer;IIFFFFLnet/minecraft/client/model/geom/ModelPart;)V to mde543ad$lambda$renderToBuffer$1$2 in playerAnimator-common.mixins.json:BipedEntityModelMixin
[194月2026 18:57:29.928] [main/DEBUG] [mixin/]: Renaming synthetic method lambda$renderToBuffer$0(Lcom/mojang/blaze3d/vertex/PoseStack;Lcom/mojang/blaze3d/vertex/VertexConsumer;IIFFFFLnet/minecraft/client/model/geom/ModelPart;)V to mde543ad$lambda$renderToBuffer$0$3 in playerAnimator-common.mixins.json:BipedEntityModelMixin
[194月2026 18:57:29.957] [main/DEBUG] [com.tterrag.registrate.AbstractRegistrate/REGISTRATE.REGISTER]: (l2complements) Registering 96 known objects of type minecraft:item
[194月2026 18:57:29.957] [main/DEBUG] [com.tterrag.registrate.AbstractRegistrate/REGISTRATE.REGISTER]: Registered l2complements:eternal_anvil to registry minecraft:item
[194月2026 18:57:29.957] [main/DEBUG] [com.tterrag.registrate.AbstractRegistrate/REGISTRATE.REGISTER]: Registered l2complements:totemic_gold_block to registry minecraft:item
[194月2026 18:57:29.957] [main/DEBUG] [com.tterrag.registrate.AbstractRegistrate/REGISTRATE.REGISTER]: Registered l2complements:poseidite_block to registry minecraft:item
[194月2026 18:57:29.957] [main/DEBUG] [com.tterrag.registrate.AbstractRegistrate/REGISTRATE.REGISTER]: Registered l2complements:shulkerate_block to registry minecraft:item
[194月2026 18:57:29.957] [main/DEBUG] [com.tterrag.registrate.AbstractRegistrate/REGISTRATE.REGISTER]: Registered l2complements:sculkium_block to registry minecraft:item
[194月2026 18:57:29.957] [main/DEBUG] [com.tterrag.registrate.AbstractRegistrate/REGISTRATE.REGISTER]: Registered l2complements:eternium_block to registry minecraft:item
[194月2026 18:57:29.957] [main/DEBUG] [com.tterrag.registrate.AbstractRegistrate/REGISTRATE.REGISTER]: Registered l2complements:totemic_gold_ingot to registry minecraft:item
[194月2026 18:57:29.957] [main/DEBUG] [com.tterrag.registrate.AbstractRegistrate/REGISTRATE.REGISTER]: Registered l2complements:poseidite_ingot to registry minecraft:item
[194月2026 18:57:29.957] [main/DEBUG] [com.tterrag.registrate.AbstractRegistrate/REGISTRATE.REGISTER]: Registered l2complements:shulkerate_ingot to registry minecraft:item
[194月2026 18:57:29.957] [main/DEBUG] [com.tterrag.registrate.AbstractRegistrate/REGISTRATE.REGISTER]: Registered l2complements:sculkium_ingot to registry minecraft:item
[194月2026 18:57:29.957] [main/DEBUG] [com.tterrag.registrate.AbstractRegistrate/REGISTRATE.REGISTER]: Registered l2complements:eternium_ingot to registry minecraft:item
[194月2026 18:57:29.957] [main/DEBUG] [com.tterrag.registrate.AbstractRegistrate/REGISTRATE.REGISTER]: Registered l2complements:totemic_gold_nugget to registry minecraft:item
[194月2026 18:57:29.957] [main/DEBUG] [com.tterrag.registrate.AbstractRegistrate/REGISTRATE.REGISTER]: Registered l2complements:poseidite_nugget to registry minecraft:item
[194月2026 18:57:29.957] [main/DEBUG] [com.tterrag.registrate.AbstractRegistrate/REGISTRATE.REGISTER]: Registered l2complements:shulkerate_nugget to registry minecraft:item
[194月2026 18:57:29.957] [main/DEBUG] [com.tterrag.registrate.AbstractRegistrate/REGISTRATE.REGISTER]: Registered l2complements:sculkium_nugget to registry minecraft:item
[194月2026 18:57:29.957] [main/DEBUG] [com.tterrag.registrate.AbstractRegistrate/REGISTRATE.REGISTER]: Registered l2complements:eternium_nugget to registry minecraft:item
[194月2026 18:57:29.957] [main/DEBUG] [com.tterrag.registrate.AbstractRegistrate/REGISTRATE.REGISTER]: Registered l2complements:wind_capture_bottle to registry minecraft:item
[194月2026 18:57:29.957] [main/DEBUG] [com.tterrag.registrate.AbstractRegistrate/REGISTRATE.REGISTER]: Registered l2complements:void_eye to registry minecraft:item
[194月2026 18:57:29.957] [main/DEBUG] [com.tterrag.registrate.AbstractRegistrate/REGISTRATE.REGISTER]: Registered l2complements:captured_wind to registry minecraft:item
[194月2026 18:57:29.957] [main/DEBUG] [com.tterrag.registrate.AbstractRegistrate/REGISTRATE.REGISTER]: Registered l2complements:captured_shulker_bullet to registry minecraft:item
[194月2026 18:57:29.957] [main/DEBUG] [com.tterrag.registrate.AbstractRegistrate/REGISTRATE.REGISTER]: Registered l2complements:sun_membrane to registry minecraft:item
[194月2026 18:57:29.957] [main/DEBUG] [com.tterrag.registrate.AbstractRegistrate/REGISTRATE.REGISTER]: Registered l2complements:explosion_shard to registry minecraft:item
[194月2026 18:57:29.957] [main/DEBUG] [com.tterrag.registrate.AbstractRegistrate/REGISTRATE.REGISTER]: Registered l2complements:hard_ice to registry minecraft:item
[194月2026 18:57:29.957] [main/DEBUG] [com.tterrag.registrate.AbstractRegistrate/REGISTRATE.REGISTER]: Registered l2complements:soul_flame to registry minecraft:item
[194月2026 18:57:29.957] [main/DEBUG] [com.tterrag.registrate.AbstractRegistrate/REGISTRATE.REGISTER]: Registered l2complements:storm_core to registry minecraft:item
[194月2026 18:57:29.957] [main/DEBUG] [com.tterrag.registrate.AbstractRegistrate/REGISTRATE.REGISTER]: Registered l2complements:blackstone_core to registry minecraft:item
[194月2026 18:57:29.957] [main/DEBUG] [com.tterrag.registrate.AbstractRegistrate/REGISTRATE.REGISTER]: Registered l2complements:resonant_feather to registry minecraft:item
[194月2026 18:57:29.957] [main/DEBUG] [com.tterrag.registrate.AbstractRegistrate/REGISTRATE.REGISTER]: Registered l2complements:space_shard to registry minecraft:item
[194月2026 18:57:29.957] [main/DEBUG] [com.tterrag.registrate.AbstractRegistrate/REGISTRATE.REGISTER]: Registered l2complements:warden_bone_shard to registry minecraft:item
[194月2026 18:57:29.957] [main/DEBUG] [com.tterrag.registrate.AbstractRegistrate/REGISTRATE.REGISTER]: Registered l2complements:guardian_eye to registry minecraft:item
[194月2026 18:57:29.957] [main/DEBUG] [com.tterrag.registrate.AbstractRegistrate/REGISTRATE.REGISTER]: Registered l2complements:heirophant_green to registry minecraft:item
[194月2026 18:57:29.957] [main/DEBUG] [com.tterrag.registrate.AbstractRegistrate/REGISTRATE.REGISTER]: Registered l2complements:cursed_droplet to registry minecraft:item
[194月2026 18:57:29.957] [main/DEBUG] [com.tterrag.registrate.AbstractRegistrate/REGISTRATE.REGISTER]: Registered l2complements:life_essence to registry minecraft:item
[194月2026 18:57:29.957] [main/DEBUG] [com.tterrag.registrate.AbstractRegistrate/REGISTRATE.REGISTER]: Registered l2complements:force_field to registry minecraft:item
[194月2026 18:57:29.957] [main/DEBUG] [com.tterrag.registrate.AbstractRegistrate/REGISTRATE.REGISTER]: Registered l2complements:guardian_rune to registry minecraft:item
[194月2026 18:57:29.957] [main/DEBUG] [com.tterrag.registrate.AbstractRegistrate/REGISTRATE.REGISTER]: Registered l2complements:piglin_rune to registry minecraft:item
[194月2026 18:57:29.957] [main/DEBUG] [com.tterrag.registrate.AbstractRegistrate/REGISTRATE.REGISTER]: Registered l2complements:fragile_warp_stone to registry minecraft:item
[194月2026 18:57:29.957] [main/DEBUG] [com.tterrag.registrate.AbstractRegistrate/REGISTRATE.REGISTER]: Registered l2complements:reinforced_warp_stone to registry minecraft:item
[194月2026 18:57:29.957] [main/DEBUG] [com.tterrag.registrate.AbstractRegistrate/REGISTRATE.REGISTER]: Registered l2complements:totem_of_dream to registry minecraft:item
[194月2026 18:57:29.957] [main/DEBUG] [com.tterrag.registrate.AbstractRegistrate/REGISTRATE.REGISTER]: Registered l2complements:totem_of_the_sea to registry minecraft:item
[194月2026 18:57:29.957] [main/DEBUG] [com.tterrag.registrate.AbstractRegistrate/REGISTRATE.REGISTER]: Registered l2complements:soul_fire_charge to registry minecraft:item
[194月2026 18:57:29.957] [main/DEBUG] [com.tterrag.registrate.AbstractRegistrate/REGISTRATE.REGISTER]: Registered l2complements:strong_fire_charge to registry minecraft:item
[194月2026 18:57:29.957] [main/DEBUG] [com.tterrag.registrate.AbstractRegistrate/REGISTRATE.REGISTER]: Registered l2complements:black_fire_charge to registry minecraft:item
[194月2026 18:57:29.957] [main/DEBUG] [com.tterrag.registrate.AbstractRegistrate/REGISTRATE.REGISTER]: Registered l2complements:sonic_shooter to registry minecraft:item
[194月2026 18:57:29.957] [main/DEBUG] [com.tterrag.registrate.AbstractRegistrate/REGISTRATE.REGISTER]: Registered l2complements:hellfire_wand to registry minecraft:item
[194月2026 18:57:29.957] [main/DEBUG] [com.tterrag.registrate.AbstractRegistrate/REGISTRATE.REGISTER]: Registered l2complements:diffusion_wand to registry minecraft:item
[194月2026 18:57:29.957] [main/DEBUG] [com.tterrag.registrate.AbstractRegistrate/REGISTRATE.REGISTER]: Registered l2complements:winterstorm_wand to registry minecraft:item
[194月2026 18:57:29.957] [main/DEBUG] [com.tterrag.registrate.AbstractRegistrate/REGISTRATE.REGISTER]: Registered l2complements:totemic_carrot to registry minecraft:item
[194月2026 18:57:29.957] [main/DEBUG] [com.tterrag.registrate.AbstractRegistrate/REGISTRATE.REGISTER]: Registered l2complements:enchanted_totemic_carrot to registry minecraft:item
[194月2026 18:57:29.957] [main/DEBUG] [com.tterrag.registrate.AbstractRegistrate/REGISTRATE.REGISTER]: Registered l2complements:totemic_apple to registry minecraft:item
[194月2026 18:57:29.957] [main/DEBUG] [com.tterrag.registrate.AbstractRegistrate/REGISTRATE.REGISTER]: Registered l2complements:enchanted_totemic_apple to registry minecraft:item
[194月2026 18:57:29.957] [main/DEBUG] [com.tterrag.registrate.AbstractRegistrate/REGISTRATE.REGISTER]: Registered l2complements:totemic_gold_helmet to registry minecraft:item
[194月2026 18:57:29.957] [main/DEBUG] [com.tterrag.registrate.AbstractRegistrate/REGISTRATE.REGISTER]: Registered l2complements:totemic_gold_chestplate to registry minecraft:item
[194月2026 18:57:29.957] [main/DEBUG] [com.tterrag.registrate.AbstractRegistrate/REGISTRATE.REGISTER]: Registered l2complements:totemic_gold_leggings to registry minecraft:item
[194月2026 18:57:29.957] [main/DEBUG] [com.tterrag.registrate.AbstractRegistrate/REGISTRATE.REGISTER]: Registered l2complements:totemic_gold_boots to registry minecraft:item
[194月2026 18:57:29.957] [main/DEBUG] [com.tterrag.registrate.AbstractRegistrate/REGISTRATE.REGISTER]: Registered l2complements:totemic_gold_sword to registry minecraft:item
[194月2026 18:57:29.957] [main/DEBUG] [com.tterrag.registrate.AbstractRegistrate/REGISTRATE.REGISTER]: Registered l2complements:totemic_gold_axe to registry minecraft:item
[194月2026 18:57:29.957] [main/DEBUG] [com.tterrag.registrate.AbstractRegistrate/REGISTRATE.REGISTER]: Registered l2complements:totemic_gold_shovel to registry minecraft:item
[194月2026 18:57:29.957] [main/DEBUG] [com.tterrag.registrate.AbstractRegistrate/REGISTRATE.REGISTER]: Registered l2complements:totemic_gold_pickaxe to registry minecraft:item
[194月2026 18:57:29.957] [main/DEBUG] [com.tterrag.registrate.AbstractRegistrate/REGISTRATE.REGISTER]: Registered l2complements:totemic_gold_hoe to registry minecraft:item
[194月2026 18:57:29.957] [main/DEBUG] [com.tterrag.registrate.AbstractRegistrate/REGISTRATE.REGISTER]: Registered l2complements:poseidite_helmet to registry minecraft:item
[194月2026 18:57:29.957] [main/DEBUG] [com.tterrag.registrate.AbstractRegistrate/REGISTRATE.REGISTER]: Registered l2complements:poseidite_chestplate to registry minecraft:item
[194月2026 18:57:29.957] [main/DEBUG] [com.tterrag.registrate.AbstractRegistrate/REGISTRATE.REGISTER]: Registered l2complements:poseidite_leggings to registry minecraft:item
[194月2026 18:57:29.957] [main/DEBUG] [com.tterrag.registrate.AbstractRegistrate/REGISTRATE.REGISTER]: Registered l2complements:poseidite_boots to registry minecraft:item
[194月2026 18:57:29.957] [main/DEBUG] [com.tterrag.registrate.AbstractRegistrate/REGISTRATE.REGISTER]: Registered l2complements:poseidite_sword to registry minecraft:item
[194月2026 18:57:29.957] [main/DEBUG] [com.tterrag.registrate.AbstractRegistrate/REGISTRATE.REGISTER]: Registered l2complements:poseidite_axe to registry minecraft:item
[194月2026 18:57:29.957] [main/DEBUG] [com.tterrag.registrate.AbstractRegistrate/REGISTRATE.REGISTER]: Registered l2complements:poseidite_shovel to registry minecraft:item
[194月2026 18:57:29.957] [main/DEBUG] [com.tterrag.registrate.AbstractRegistrate/REGISTRATE.REGISTER]: Registered l2complements:poseidite_pickaxe to registry minecraft:item
[194月2026 18:57:29.957] [main/DEBUG] [com.tterrag.registrate.AbstractRegistrate/REGISTRATE.REGISTER]: Registered l2complements:poseidite_hoe to registry minecraft:item
[194月2026 18:57:29.957] [main/DEBUG] [com.tterrag.registrate.AbstractRegistrate/REGISTRATE.REGISTER]: Registered l2complements:shulkerate_helmet to registry minecraft:item
[194月2026 18:57:29.957] [main/DEBUG] [com.tterrag.registrate.AbstractRegistrate/REGISTRATE.REGISTER]: Registered l2complements:shulkerate_chestplate to registry minecraft:item
[194月2026 18:57:29.957] [main/DEBUG] [com.tterrag.registrate.AbstractRegistrate/REGISTRATE.REGISTER]: Registered l2complements:shulkerate_leggings to registry minecraft:item
[194月2026 18:57:29.957] [main/DEBUG] [com.tterrag.registrate.AbstractRegistrate/REGISTRATE.REGISTER]: Registered l2complements:shulkerate_boots to registry minecraft:item
[194月2026 18:57:29.957] [main/DEBUG] [com.tterrag.registrate.AbstractRegistrate/REGISTRATE.REGISTER]: Registered l2complements:shulkerate_sword to registry minecraft:item
[194月2026 18:57:29.957] [main/DEBUG] [com.tterrag.registrate.AbstractRegistrate/REGISTRATE.REGISTER]: Registered l2complements:shulkerate_axe to registry minecraft:item
[194月2026 18:57:29.957] [main/DEBUG] [com.tterrag.registrate.AbstractRegistrate/REGISTRATE.REGISTER]: Registered l2complements:shulkerate_shovel to registry minecraft:item
[194月2026 18:57:29.957] [main/DEBUG] [com.tterrag.registrate.AbstractRegistrate/REGISTRATE.REGISTER]: Registered l2complements:shulkerate_pickaxe to registry minecraft:item
[194月2026 18:57:29.957] [main/DEBUG] [com.tterrag.registrate.AbstractRegistrate/REGISTRATE.REGISTER]: Registered l2complements:shulkerate_hoe to registry minecraft:item
[194月2026 18:57:29.957] [main/DEBUG] [com.tterrag.registrate.AbstractRegistrate/REGISTRATE.REGISTER]: Registered l2complements:sculkium_helmet to registry minecraft:item
[194月2026 18:57:29.957] [main/DEBUG] [com.tterrag.registrate.AbstractRegistrate/REGISTRATE.REGISTER]: Registered l2complements:sculkium_chestplate to registry minecraft:item
[194月2026 18:57:29.957] [main/DEBUG] [com.tterrag.registrate.AbstractRegistrate/REGISTRATE.REGISTER]: Registered l2complements:sculkium_leggings to registry minecraft:item
[194月2026 18:57:29.957] [main/DEBUG] [com.tterrag.registrate.AbstractRegistrate/REGISTRATE.REGISTER]: Registered l2complements:sculkium_boots to registry minecraft:item
[194月2026 18:57:29.957] [main/DEBUG] [com.tterrag.registrate.AbstractRegistrate/REGISTRATE.REGISTER]: Registered l2complements:sculkium_sword to registry minecraft:item
[194月2026 18:57:29.957] [main/DEBUG] [com.tterrag.registrate.AbstractRegistrate/REGISTRATE.REGISTER]: Registered l2complements:sculkium_axe to registry minecraft:item
[194月2026 18:57:29.957] [main/DEBUG] [com.tterrag.registrate.AbstractRegistrate/REGISTRATE.REGISTER]: Registered l2complements:sculkium_shovel to registry minecraft:item
[194月2026 18:57:29.973] [main/DEBUG] [com.tterrag.registrate.AbstractRegistrate/REGISTRATE.REGISTER]: Registered l2complements:sculkium_pickaxe to registry minecraft:item
[194月2026 18:57:29.973] [main/DEBUG] [com.tterrag.registrate.AbstractRegistrate/REGISTRATE.REGISTER]: Registered l2complements:sculkium_hoe to registry minecraft:item
[194月2026 18:57:29.973] [main/DEBUG] [com.tterrag.registrate.AbstractRegistrate/REGISTRATE.REGISTER]: Registered l2complements:eternium_helmet to registry minecraft:item
[194月2026 18:57:29.973] [main/DEBUG] [com.tterrag.registrate.AbstractRegistrate/REGISTRATE.REGISTER]: Registered l2complements:eternium_chestplate to registry minecraft:item
[194月2026 18:57:29.973] [main/DEBUG] [com.tterrag.registrate.AbstractRegistrate/REGISTRATE.REGISTER]: Registered l2complements:eternium_leggings to registry minecraft:item
[194月2026 18:57:29.974] [main/DEBUG] [com.tterrag.registrate.AbstractRegistrate/REGISTRATE.REGISTER]: Registered l2complements:eternium_boots to registry minecraft:item
[194月2026 18:57:29.974] [main/DEBUG] [com.tterrag.registrate.AbstractRegistrate/REGISTRATE.REGISTER]: Registered l2complements:eternium_sword to registry minecraft:item
[194月2026 18:57:29.974] [main/DEBUG] [com.tterrag.registrate.AbstractRegistrate/REGISTRATE.REGISTER]: Registered l2complements:eternium_axe to registry minecraft:item
[194月2026 18:57:29.974] [main/DEBUG] [com.tterrag.registrate.AbstractRegistrate/REGISTRATE.REGISTER]: Registered l2complements:eternium_shovel to registry minecraft:item
[194月2026 18:57:29.974] [main/DEBUG] [com.tterrag.registrate.AbstractRegistrate/REGISTRATE.REGISTER]: Registered l2complements:eternium_pickaxe to registry minecraft:item
[194月2026 18:57:29.974] [main/DEBUG] [com.tterrag.registrate.AbstractRegistrate/REGISTRATE.REGISTER]: Registered l2complements:eternium_hoe to registry minecraft:item
[194月2026 18:57:29.974] [main/DEBUG] [net.minecraftforge.registries.GameData/REGISTRIES]: Applying holder lookups: minecraft:item
[194月2026 18:57:29.975] [main/DEBUG] [net.minecraftforge.registries.GameData/REGISTRIES]: Holder lookups applied: minecraft:item
[194月2026 18:57:30.050] [main/DEBUG] [com.tterrag.registrate.AbstractRegistrate/REGISTRATE.REGISTER]: (l2complements) Registering 3 known objects of type minecraft:entity_type
[194月2026 18:57:30.050] [main/DEBUG] [com.tterrag.registrate.AbstractRegistrate/REGISTRATE.REGISTER]: Registered l2complements:soul_fire_charge to registry minecraft:entity_type
[194月2026 18:57:30.050] [main/DEBUG] [com.tterrag.registrate.AbstractRegistrate/REGISTRATE.REGISTER]: Registered l2complements:strong_fire_charge to registry minecraft:entity_type
[194月2026 18:57:30.050] [main/DEBUG] [com.tterrag.registrate.AbstractRegistrate/REGISTRATE.REGISTER]: Registered l2complements:black_fire_charge to registry minecraft:entity_type
[194月2026 18:57:30.050] [main/DEBUG] [net.minecraftforge.registries.GameData/REGISTRIES]: Applying holder lookups: minecraft:entity_type
[194月2026 18:57:30.051] [main/DEBUG] [net.minecraftforge.registries.GameData/REGISTRIES]: Holder lookups applied: minecraft:entity_type
[194月2026 18:57:30.051] [main/DEBUG] [net.minecraftforge.registries.GameData/REGISTRIES]: Applying holder lookups: minecraft:sensor_type
[194月2026 18:57:30.051] [main/DEBUG] [net.minecraftforge.registries.GameData/REGISTRIES]: Holder lookups applied: minecraft:sensor_type
[194月2026 18:57:30.051] [main/DEBUG] [net.minecraftforge.registries.GameData/REGISTRIES]: Applying holder lookups: minecraft:memory_module_type
[194月2026 18:57:30.051] [main/DEBUG] [net.minecraftforge.registries.GameData/REGISTRIES]: Holder lookups applied: minecraft:memory_module_type
[194月2026 18:57:30.052] [main/DEBUG] [com.tterrag.registrate.AbstractRegistrate/REGISTRATE.REGISTER]: (l2complements) Registering 22 known objects of type minecraft:potion
[194月2026 18:57:30.052] [main/DEBUG] [com.tterrag.registrate.AbstractRegistrate/REGISTRATE.REGISTER]: Registered l2complements:flame to registry minecraft:potion
[194月2026 18:57:30.052] [main/DEBUG] [com.tterrag.registrate.AbstractRegistrate/REGISTRATE.REGISTER]: Registered l2complements:long_flame to registry minecraft:potion
[194月2026 18:57:30.052] [main/DEBUG] [com.tterrag.registrate.AbstractRegistrate/REGISTRATE.REGISTER]: Registered l2complements:strong_flame to registry minecraft:potion
[194月2026 18:57:30.052] [main/DEBUG] [com.tterrag.registrate.AbstractRegistrate/REGISTRATE.REGISTER]: Registered l2complements:frozen to registry minecraft:potion
[194月2026 18:57:30.052] [main/DEBUG] [com.tterrag.registrate.AbstractRegistrate/REGISTRATE.REGISTER]: Registered l2complements:long_frozen to registry minecraft:potion
[194月2026 18:57:30.052] [main/DEBUG] [com.tterrag.registrate.AbstractRegistrate/REGISTRATE.REGISTER]: Registered l2complements:stone_cage to registry minecraft:potion
[194月2026 18:57:30.052] [main/DEBUG] [com.tterrag.registrate.AbstractRegistrate/REGISTRATE.REGISTER]: Registered l2complements:long_stone_cage to registry minecraft:potion
[194月2026 18:57:30.052] [main/DEBUG] [com.tterrag.registrate.AbstractRegistrate/REGISTRATE.REGISTER]: Registered l2complements:curse to registry minecraft:potion
[194月2026 18:57:30.052] [main/DEBUG] [com.tterrag.registrate.AbstractRegistrate/REGISTRATE.REGISTER]: Registered l2complements:long_curse to registry minecraft:potion
[194月2026 18:57:30.052] [main/DEBUG] [com.tterrag.registrate.AbstractRegistrate/REGISTRATE.REGISTER]: Registered l2complements:cleanse to registry minecraft:potion
[194月2026 18:57:30.052] [main/DEBUG] [com.tterrag.registrate.AbstractRegistrate/REGISTRATE.REGISTER]: Registered l2complements:long_cleanse to registry minecraft:potion
[194月2026 18:57:30.052] [main/DEBUG] [com.tterrag.registrate.AbstractRegistrate/REGISTRATE.REGISTER]: Registered l2complements:armor_reduce to registry minecraft:potion
[194月2026 18:57:30.052] [main/DEBUG] [com.tterrag.registrate.AbstractRegistrate/REGISTRATE.REGISTER]: Registered l2complements:long_armor_reduce to registry minecraft:potion
[194月2026 18:57:30.052] [main/DEBUG] [com.tterrag.registrate.AbstractRegistrate/REGISTRATE.REGISTER]: Registered l2complements:strong_armor_reduce to registry minecraft:potion
[194月2026 18:57:30.052] [main/DEBUG] [com.tterrag.registrate.AbstractRegistrate/REGISTRATE.REGISTER]: Registered l2complements:levitation to registry minecraft:potion
[194月2026 18:57:30.052] [main/DEBUG] [com.tterrag.registrate.AbstractRegistrate/REGISTRATE.REGISTER]: Registered l2complements:long_levitation to registry minecraft:potion
[194月2026 18:57:30.052] [main/DEBUG] [com.tterrag.registrate.AbstractRegistrate/REGISTRATE.REGISTER]: Registered l2complements:resistance to registry minecraft:potion
[194月2026 18:57:30.052] [main/DEBUG] [com.tterrag.registrate.AbstractRegistrate/REGISTRATE.REGISTER]: Registered l2complements:long_resistance to registry minecraft:potion
[194月2026 18:57:30.052] [main/DEBUG] [com.tterrag.registrate.AbstractRegistrate/REGISTRATE.REGISTER]: Registered l2complements:strong_resistance to registry minecraft:potion
[194月2026 18:57:30.052] [main/DEBUG] [com.tterrag.registrate.AbstractRegistrate/REGISTRATE.REGISTER]: Registered l2complements:emerald_splash to registry minecraft:potion
[194月2026 18:57:30.052] [main/DEBUG] [com.tterrag.registrate.AbstractRegistrate/REGISTRATE.REGISTER]: Registered l2complements:long_emerald_splash to registry minecraft:potion
[194月2026 18:57:30.052] [main/DEBUG] [com.tterrag.registrate.AbstractRegistrate/REGISTRATE.REGISTER]: Registered l2complements:strong_emerald_splash to registry minecraft:potion
[194月2026 18:57:30.052] [main/DEBUG] [net.minecraftforge.registries.GameData/REGISTRIES]: Applying holder lookups: minecraft:potion
[194月2026 18:57:30.052] [main/DEBUG] [net.minecraftforge.registries.GameData/REGISTRIES]: Holder lookups applied: minecraft:potion
[194月2026 18:57:30.052] [main/DEBUG] [net.minecraftforge.registries.GameData/REGISTRIES]: Applying holder lookups: minecraft:game_event
[194月2026 18:57:30.053] [main/DEBUG] [net.minecraftforge.registries.GameData/REGISTRIES]: Holder lookups applied: minecraft:game_event
[194月2026 18:57:30.053] [main/DEBUG] [com.tterrag.registrate.AbstractRegistrate/REGISTRATE.REGISTER]: (l2complements) Registering 37 known objects of type minecraft:enchantment
[194月2026 18:57:30.053] [main/DEBUG] [com.tterrag.registrate.AbstractRegistrate/REGISTRATE.REGISTER]: Registered l2complements:shulker_armor to registry minecraft:enchantment
[194月2026 18:57:30.053] [main/DEBUG] [com.tterrag.registrate.AbstractRegistrate/REGISTRATE.REGISTER]: Registered l2complements:ender_mask to registry minecraft:enchantment
[194月2026 18:57:30.053] [main/DEBUG] [com.tterrag.registrate.AbstractRegistrate/REGISTRATE.REGISTER]: Registered l2complements:shinny to registry minecraft:enchantment
[194月2026 18:57:30.053] [main/DEBUG] [com.tterrag.registrate.AbstractRegistrate/REGISTRATE.REGISTER]: Registered l2complements:snow_walker to registry minecraft:enchantment
[194月2026 18:57:30.053] [main/DEBUG] [com.tterrag.registrate.AbstractRegistrate/REGISTRATE.REGISTER]: Registered l2complements:stable_body to registry minecraft:enchantment
[194月2026 18:57:30.053] [main/DEBUG] [com.tterrag.registrate.AbstractRegistrate/REGISTRATE.REGISTER]: Registered l2complements:ender_reach to registry minecraft:enchantment
[194月2026 18:57:30.053] [main/DEBUG] [com.tterrag.registrate.AbstractRegistrate/REGISTRATE.REGISTER]: Registered l2complements:durable_armor to registry minecraft:enchantment
[194月2026 18:57:30.053] [main/DEBUG] [com.tterrag.registrate.AbstractRegistrate/REGISTRATE.REGISTER]: Registered l2complements:smelt to registry minecraft:enchantment
[194月2026 18:57:30.053] [main/DEBUG] [com.tterrag.registrate.AbstractRegistrate/REGISTRATE.REGISTER]: Registered l2complements:life_mending to registry minecraft:enchantment
[194月2026 18:57:30.053] [main/DEBUG] [com.tterrag.registrate.AbstractRegistrate/REGISTRATE.REGISTER]: Registered l2complements:life_sync to registry minecraft:enchantment
[194月2026 18:57:30.053] [main/DEBUG] [com.tterrag.registrate.AbstractRegistrate/REGISTRATE.REGISTER]: Registered l2complements:safeguard to registry minecraft:enchantment
[194月2026 18:57:30.053] [main/DEBUG] [com.tterrag.registrate.AbstractRegistrate/REGISTRATE.REGISTER]: Registered l2complements:hardened to registry minecraft:enchantment
[194月2026 18:57:30.053] [main/DEBUG] [com.tterrag.registrate.AbstractRegistrate/REGISTRATE.REGISTER]: Registered l2complements:dampened to registry minecraft:enchantment
[194月2026 18:57:30.053] [main/DEBUG] [com.tterrag.registrate.AbstractRegistrate/REGISTRATE.REGISTER]: Registered l2complements:soul_bound to registry minecraft:enchantment
[194月2026 18:57:30.053] [main/DEBUG] [com.tterrag.registrate.AbstractRegistrate/REGISTRATE.REGISTER]: Registered l2complements:eternal to registry minecraft:enchantment
[194月2026 18:57:30.053] [main/DEBUG] [com.tterrag.registrate.AbstractRegistrate/REGISTRATE.REGISTER]: Registered l2complements:wind_sweep to registry minecraft:enchantment
[194月2026 18:57:30.053] [main/DEBUG] [com.tterrag.registrate.AbstractRegistrate/REGISTRATE.REGISTER]: Registered l2complements:ice_blade to registry minecraft:enchantment
[194月2026 18:57:30.053] [main/DEBUG] [com.tterrag.registrate.AbstractRegistrate/REGISTRATE.REGISTER]: Registered l2complements:soul_flame_blade to registry minecraft:enchantment
[194月2026 18:57:30.053] [main/DEBUG] [com.tterrag.registrate.AbstractRegistrate/REGISTRATE.REGISTER]: Registered l2complements:cursed_blade to registry minecraft:enchantment
[194月2026 18:57:30.053] [main/DEBUG] [com.tterrag.registrate.AbstractRegistrate/REGISTRATE.REGISTER]: Registered l2complements:sharp_blade to registry minecraft:enchantment
[194月2026 18:57:30.053] [main/DEBUG] [com.tterrag.registrate.AbstractRegistrate/REGISTRATE.REGISTER]: Registered l2complements:ice_thorn to registry minecraft:enchantment
[194月2026 18:57:30.053] [main/DEBUG] [com.tterrag.registrate.AbstractRegistrate/REGISTRATE.REGISTER]: Registered l2complements:soul_flame_thorn to registry minecraft:enchantment
[194月2026 18:57:30.053] [main/DEBUG] [com.tterrag.registrate.AbstractRegistrate/REGISTRATE.REGISTER]: Registered l2complements:void_touch to registry minecraft:enchantment
[194月2026 18:57:30.053] [main/DEBUG] [com.tterrag.registrate.AbstractRegistrate/REGISTRATE.REGISTER]: Registered l2complements:projectile_reject to registry minecraft:enchantment
[194月2026 18:57:30.053] [main/DEBUG] [com.tterrag.registrate.AbstractRegistrate/REGISTRATE.REGISTER]: Registered l2complements:fire_reject to registry minecraft:enchantment
[194月2026 18:57:30.053] [main/DEBUG] [com.tterrag.registrate.AbstractRegistrate/REGISTRATE.REGISTER]: Registered l2complements:environment_reject to registry minecraft:enchantment
[194月2026 18:57:30.053] [main/DEBUG] [com.tterrag.registrate.AbstractRegistrate/REGISTRATE.REGISTER]: Registered l2complements:explosion_reject to registry minecraft:enchantment
[194月2026 18:57:30.053] [main/DEBUG] [com.tterrag.registrate.AbstractRegistrate/REGISTRATE.REGISTER]: Registered l2complements:magic_reject to registry minecraft:enchantment
[194月2026 18:57:30.053] [main/DEBUG] [com.tterrag.registrate.AbstractRegistrate/REGISTRATE.REGISTER]: Registered l2complements:invincible to registry minecraft:enchantment
[194月2026 18:57:30.054] [main/DEBUG] [com.tterrag.registrate.AbstractRegistrate/REGISTRATE.REGISTER]: Registered l2complements:owner_protection to registry minecraft:enchantment
[194月2026 18:57:30.054] [main/DEBUG] [com.tterrag.registrate.AbstractRegistrate/REGISTRATE.REGISTER]: Registered l2complements:cubic_digging to registry minecraft:enchantment
[194月2026 18:57:30.054] [main/DEBUG] [com.tterrag.registrate.AbstractRegistrate/REGISTRATE.REGISTER]: Registered l2complements:plane_digging to registry minecraft:enchantment
[194月2026 18:57:30.054] [main/DEBUG] [com.tterrag.registrate.AbstractRegistrate/REGISTRATE.REGISTER]: Registered l2complements:drill_digging to registry minecraft:enchantment
[194月2026 18:57:30.055] [main/DEBUG] [com.tterrag.registrate.AbstractRegistrate/REGISTRATE.REGISTER]: Registered l2complements:vien_mining to registry minecraft:enchantment
[194月2026 18:57:30.055] [main/DEBUG] [com.tterrag.registrate.AbstractRegistrate/REGISTRATE.REGISTER]: Registered l2complements:tree_chopping to registry minecraft:enchantment
[194月2026 18:57:30.055] [main/DEBUG] [com.tterrag.registrate.AbstractRegistrate/REGISTRATE.REGISTER]: Registered l2complements:cubic_eater to registry minecraft:enchantment
[194月2026 18:57:30.055] [main/DEBUG] [com.tterrag.registrate.AbstractRegistrate/REGISTRATE.REGISTER]: Registered l2complements:plane_eater to registry minecraft:enchantment
[194月2026 18:57:30.055] [main/DEBUG] [net.minecraftforge.registries.GameData/REGISTRIES]: Applying holder lookups: minecraft:enchantment
[194月2026 18:57:30.057] [main/DEBUG] [net.minecraftforge.registries.GameData/REGISTRIES]: Holder lookups applied: minecraft:enchantment
[194月2026 18:57:30.062] [main/DEBUG] [net.minecraftforge.registries.GameData/REGISTRIES]: Applying holder lookups: minecraft:block_entity_type
[194月2026 18:57:30.062] [main/DEBUG] [net.minecraftforge.registries.GameData/REGISTRIES]: Holder lookups applied: minecraft:block_entity_type
[194月2026 18:57:30.062] [main/DEBUG] [net.minecraftforge.registries.GameData/REGISTRIES]: Applying holder lookups: minecraft:painting_variant
[194月2026 18:57:30.063] [main/DEBUG] [net.minecraftforge.registries.GameData/REGISTRIES]: Holder lookups applied: minecraft:painting_variant
[194月2026 18:57:30.063] [main/DEBUG] [net.minecraftforge.registries.GameData/REGISTRIES]: Applying holder lookups: minecraft:stat_type
[194月2026 18:57:30.063] [main/DEBUG] [net.minecraftforge.registries.GameData/REGISTRIES]: Holder lookups applied: minecraft:stat_type
[194月2026 18:57:30.063] [main/DEBUG] [net.minecraftforge.registries.GameData/REGISTRIES]: Applying holder lookups: minecraft:custom_stat
[194月2026 18:57:30.063] [main/DEBUG] [net.minecraftforge.registries.GameData/REGISTRIES]: Holder lookups applied: minecraft:custom_stat
[194月2026 18:57:30.063] [main/DEBUG] [net.minecraftforge.registries.GameData/REGISTRIES]: Applying holder lookups: minecraft:chunk_status
[194月2026 18:57:30.063] [main/DEBUG] [net.minecraftforge.registries.GameData/REGISTRIES]: Holder lookups applied: minecraft:chunk_status
[194月2026 18:57:30.063] [main/DEBUG] [net.minecraftforge.registries.GameData/REGISTRIES]: Applying holder lookups: minecraft:rule_test
[194月2026 18:57:30.063] [main/DEBUG] [net.minecraftforge.registries.GameData/REGISTRIES]: Holder lookups applied: minecraft:rule_test
[194月2026 18:57:30.063] [main/DEBUG] [net.minecraftforge.registries.GameData/REGISTRIES]: Applying holder lookups: minecraft:rule_block_entity_modifier
[194月2026 18:57:30.064] [main/DEBUG] [net.minecraftforge.registries.GameData/REGISTRIES]: Holder lookups applied: minecraft:rule_block_entity_modifier
[194月2026 18:57:30.064] [main/DEBUG] [net.minecraftforge.registries.GameData/REGISTRIES]: Applying holder lookups: minecraft:pos_rule_test
[194月2026 18:57:30.064] [main/DEBUG] [net.minecraftforge.registries.GameData/REGISTRIES]: Holder lookups applied: minecraft:pos_rule_test
[194月2026 18:57:30.064] [main/DEBUG] [com.tterrag.registrate.AbstractRegistrate/REGISTRATE.REGISTER]: (l2tabs) Registering 1 known objects of type minecraft:menu
[194月2026 18:57:30.070] [main/DEBUG] [mixin/]: Mixing AnvilScreenMixin from l2complements.mixins.json into net.minecraft.client.gui.screens.inventory.AnvilScreen
[194月2026 18:57:30.079] [main/DEBUG] [com.tterrag.registrate.AbstractRegistrate/REGISTRATE.REGISTER]: Registered l2tabs:curios to registry minecraft:menu
[194月2026 18:57:30.079] [main/DEBUG] [net.minecraftforge.registries.GameData/REGISTRIES]: Applying holder lookups: minecraft:menu
[194月2026 18:57:30.079] [main/DEBUG] [net.minecraftforge.registries.GameData/REGISTRIES]: Holder lookups applied: minecraft:menu
[194月2026 18:57:30.079] [main/DEBUG] [com.tterrag.registrate.AbstractRegistrate/REGISTRATE.REGISTER]: (l2complements) Registering 2 known objects of type minecraft:recipe_type
[194月2026 18:57:30.079] [main/DEBUG] [com.tterrag.registrate.AbstractRegistrate/REGISTRATE.REGISTER]: Registered l2complements:burnt to registry minecraft:recipe_type
[194月2026 18:57:30.079] [main/DEBUG] [com.tterrag.registrate.AbstractRegistrate/REGISTRATE.REGISTER]: Registered l2complements:diffusion to registry minecraft:recipe_type
[194月2026 18:57:30.095] [main/DEBUG] [net.minecraftforge.registries.GameData/REGISTRIES]: Applying holder lookups: minecraft:recipe_type
[194月2026 18:57:30.095] [main/DEBUG] [net.minecraftforge.registries.GameData/REGISTRIES]: Holder lookups applied: minecraft:recipe_type
[194月2026 18:57:30.095] [main/DEBUG] [com.tterrag.registrate.AbstractRegistrate/REGISTRATE.REGISTER]: (l2complements) Registering 2 known objects of type minecraft:recipe_serializer
[194月2026 18:57:30.095] [main/DEBUG] [com.tterrag.registrate.AbstractRegistrate/REGISTRATE.REGISTER]: Registered l2complements:burnt to registry minecraft:recipe_serializer
[194月2026 18:57:30.095] [main/DEBUG] [com.tterrag.registrate.AbstractRegistrate/REGISTRATE.REGISTER]: Registered l2complements:diffusion to registry minecraft:recipe_serializer
[194月2026 18:57:30.095] [main/DEBUG] [net.minecraftforge.registries.GameData/REGISTRIES]: Applying holder lookups: minecraft:recipe_serializer
[194月2026 18:57:30.095] [main/DEBUG] [net.minecraftforge.registries.GameData/REGISTRIES]: Holder lookups applied: minecraft:recipe_serializer
[194月2026 18:57:30.095] [main/DEBUG] [net.minecraftforge.registries.GameData/REGISTRIES]: Applying holder lookups: minecraft:position_source_type
[194月2026 18:57:30.095] [main/DEBUG] [net.minecraftforge.registries.GameData/REGISTRIES]: Holder lookups applied: minecraft:position_source_type
[194月2026 18:57:30.095] [main/DEBUG] [net.minecraftforge.registries.GameData/REGISTRIES]: Applying holder lookups: minecraft:command_argument_type
[194月2026 18:57:30.095] [main/DEBUG] [net.minecraftforge.registries.GameData/REGISTRIES]: Holder lookups applied: minecraft:command_argument_type
[194月2026 18:57:30.095] [main/DEBUG] [net.minecraftforge.registries.GameData/REGISTRIES]: Applying holder lookups: minecraft:villager_type
[194月2026 18:57:30.095] [main/DEBUG] [net.minecraftforge.registries.GameData/REGISTRIES]: Holder lookups applied: minecraft:villager_type
[194月2026 18:57:30.095] [main/DEBUG] [net.minecraftforge.registries.GameData/REGISTRIES]: Applying holder lookups: minecraft:villager_profession
[194月2026 18:57:30.095] [main/DEBUG] [net.minecraftforge.registries.GameData/REGISTRIES]: Holder lookups applied: minecraft:villager_profession
[194月2026 18:57:30.095] [main/DEBUG] [net.minecraftforge.registries.GameData/REGISTRIES]: Applying holder lookups: minecraft:point_of_interest_type
[194月2026 18:57:30.095] [main/DEBUG] [net.minecraftforge.registries.GameData/REGISTRIES]: Holder lookups applied: minecraft:point_of_interest_type
[194月2026 18:57:30.095] [main/DEBUG] [net.minecraftforge.registries.GameData/REGISTRIES]: Applying holder lookups: minecraft:schedule
[194月2026 18:57:30.095] [main/DEBUG] [net.minecraftforge.registries.GameData/REGISTRIES]: Holder lookups applied: minecraft:schedule
[194月2026 18:57:30.095] [main/DEBUG] [net.minecraftforge.registries.GameData/REGISTRIES]: Applying holder lookups: minecraft:activity
[194月2026 18:57:30.095] [main/DEBUG] [net.minecraftforge.registries.GameData/REGISTRIES]: Holder lookups applied: minecraft:activity
[194月2026 18:57:30.095] [main/DEBUG] [net.minecraftforge.registries.GameData/REGISTRIES]: Applying holder lookups: minecraft:loot_pool_entry_type
[194月2026 18:57:30.095] [main/DEBUG] [net.minecraftforge.registries.GameData/REGISTRIES]: Holder lookups applied: minecraft:loot_pool_entry_type
[194月2026 18:57:30.112] [main/DEBUG] [net.minecraftforge.registries.GameData/REGISTRIES]: Applying holder lookups: minecraft:loot_function_type
[194月2026 18:57:30.112] [main/DEBUG] [net.minecraftforge.registries.GameData/REGISTRIES]: Holder lookups applied: minecraft:loot_function_type
[194月2026 18:57:30.112] [main/DEBUG] [net.minecraftforge.registries.GameData/REGISTRIES]: Applying holder lookups: minecraft:loot_condition_type
[194月2026 18:57:30.112] [main/DEBUG] [net.minecraftforge.registries.GameData/REGISTRIES]: Holder lookups applied: minecraft:loot_condition_type
[194月2026 18:57:30.112] [main/DEBUG] [net.minecraftforge.registries.GameData/REGISTRIES]: Applying holder lookups: minecraft:loot_number_provider_type
[194月2026 18:57:30.112] [main/DEBUG] [net.minecraftforge.registries.GameData/REGISTRIES]: Holder lookups applied: minecraft:loot_number_provider_type
[194月2026 18:57:30.112] [main/DEBUG] [net.minecraftforge.registries.GameData/REGISTRIES]: Applying holder lookups: minecraft:loot_nbt_provider_type
[194月2026 18:57:30.112] [main/DEBUG] [net.minecraftforge.registries.GameData/REGISTRIES]: Holder lookups applied: minecraft:loot_nbt_provider_type
[194月2026 18:57:30.112] [main/DEBUG] [net.minecraftforge.registries.GameData/REGISTRIES]: Applying holder lookups: minecraft:loot_score_provider_type
[194月2026 18:57:30.112] [main/DEBUG] [net.minecraftforge.registries.GameData/REGISTRIES]: Holder lookups applied: minecraft:loot_score_provider_type
[194月2026 18:57:30.112] [main/DEBUG] [net.minecraftforge.registries.GameData/REGISTRIES]: Applying holder lookups: minecraft:float_provider_type
[194月2026 18:57:30.112] [main/DEBUG] [net.minecraftforge.registries.GameData/REGISTRIES]: Holder lookups applied: minecraft:float_provider_type
[194月2026 18:57:30.112] [main/DEBUG] [net.minecraftforge.registries.GameData/REGISTRIES]: Applying holder lookups: minecraft:int_provider_type
[194月2026 18:57:30.112] [main/DEBUG] [net.minecraftforge.registries.GameData/REGISTRIES]: Holder lookups applied: minecraft:int_provider_type
[194月2026 18:57:30.112] [main/DEBUG] [net.minecraftforge.registries.GameData/REGISTRIES]: Applying holder lookups: minecraft:height_provider_type
[194月2026 18:57:30.112] [main/DEBUG] [net.minecraftforge.registries.GameData/REGISTRIES]: Holder lookups applied: minecraft:height_provider_type
[194月2026 18:57:30.112] [main/DEBUG] [net.minecraftforge.registries.GameData/REGISTRIES]: Applying holder lookups: minecraft:block_predicate_type
[194月2026 18:57:30.112] [main/DEBUG] [net.minecraftforge.registries.GameData/REGISTRIES]: Holder lookups applied: minecraft:block_predicate_type
[194月2026 18:57:30.112] [main/DEBUG] [net.minecraftforge.registries.GameData/REGISTRIES]: Applying holder lookups: minecraft:worldgen/carver
[194月2026 18:57:30.112] [main/DEBUG] [net.minecraftforge.registries.GameData/REGISTRIES]: Holder lookups applied: minecraft:worldgen/carver
[194月2026 18:57:30.112] [main/DEBUG] [net.minecraftforge.registries.GameData/REGISTRIES]: Applying holder lookups: minecraft:worldgen/feature
[194月2026 18:57:30.112] [main/DEBUG] [net.minecraftforge.registries.GameData/REGISTRIES]: Holder lookups applied: minecraft:worldgen/feature
[194月2026 18:57:30.112] [main/DEBUG] [net.minecraftforge.registries.GameData/REGISTRIES]: Applying holder lookups: minecraft:worldgen/structure_processor
[194月2026 18:57:30.112] [main/DEBUG] [net.minecraftforge.registries.GameData/REGISTRIES]: Holder lookups applied: minecraft:worldgen/structure_processor
[194月2026 18:57:30.112] [main/DEBUG] [net.minecraftforge.registries.GameData/REGISTRIES]: Applying holder lookups: minecraft:worldgen/structure_placement
[194月2026 18:57:30.112] [main/DEBUG] [net.minecraftforge.registries.GameData/REGISTRIES]: Holder lookups applied: minecraft:worldgen/structure_placement
[194月2026 18:57:30.112] [main/DEBUG] [net.minecraftforge.registries.GameData/REGISTRIES]: Applying holder lookups: minecraft:worldgen/structure_piece
[194月2026 18:57:30.112] [main/DEBUG] [net.minecraftforge.registries.GameData/REGISTRIES]: Holder lookups applied: minecraft:worldgen/structure_piece
[194月2026 18:57:30.112] [main/DEBUG] [net.minecraftforge.registries.GameData/REGISTRIES]: Applying holder lookups: minecraft:worldgen/structure_type
[194月2026 18:57:30.112] [main/DEBUG] [net.minecraftforge.registries.GameData/REGISTRIES]: Holder lookups applied: minecraft:worldgen/structure_type
[194月2026 18:57:30.112] [main/DEBUG] [net.minecraftforge.registries.GameData/REGISTRIES]: Applying holder lookups: minecraft:worldgen/placement_modifier_type
[194月2026 18:57:30.112] [main/DEBUG] [net.minecraftforge.registries.GameData/REGISTRIES]: Holder lookups applied: minecraft:worldgen/placement_modifier_type
[194月2026 18:57:30.112] [main/DEBUG] [net.minecraftforge.registries.GameData/REGISTRIES]: Applying holder lookups: minecraft:worldgen/block_state_provider_type
[194月2026 18:57:30.112] [main/DEBUG] [net.minecraftforge.registries.GameData/REGISTRIES]: Holder lookups applied: minecraft:worldgen/block_state_provider_type
[194月2026 18:57:30.112] [main/DEBUG] [net.minecraftforge.registries.GameData/REGISTRIES]: Applying holder lookups: minecraft:worldgen/foliage_placer_type
[194月2026 18:57:30.112] [main/DEBUG] [net.minecraftforge.registries.GameData/REGISTRIES]: Holder lookups applied: minecraft:worldgen/foliage_placer_type
[194月2026 18:57:30.112] [main/DEBUG] [net.minecraftforge.registries.GameData/REGISTRIES]: Applying holder lookups: minecraft:worldgen/trunk_placer_type
[194月2026 18:57:30.112] [main/DEBUG] [net.minecraftforge.registries.GameData/REGISTRIES]: Holder lookups applied: minecraft:worldgen/trunk_placer_type
[194月2026 18:57:30.112] [main/DEBUG] [net.minecraftforge.registries.GameData/REGISTRIES]: Applying holder lookups: minecraft:worldgen/root_placer_type
[194月2026 18:57:30.112] [main/DEBUG] [net.minecraftforge.registries.GameData/REGISTRIES]: Holder lookups applied: minecraft:worldgen/root_placer_type
[194月2026 18:57:30.112] [main/DEBUG] [net.minecraftforge.registries.GameData/REGISTRIES]: Applying holder lookups: minecraft:worldgen/tree_decorator_type
[194月2026 18:57:30.112] [main/DEBUG] [net.minecraftforge.registries.GameData/REGISTRIES]: Holder lookups applied: minecraft:worldgen/tree_decorator_type
[194月2026 18:57:30.112] [main/DEBUG] [net.minecraftforge.registries.GameData/REGISTRIES]: Applying holder lookups: minecraft:worldgen/feature_size_type
[194月2026 18:57:30.112] [main/DEBUG] [net.minecraftforge.registries.GameData/REGISTRIES]: Holder lookups applied: minecraft:worldgen/feature_size_type
[194月2026 18:57:30.112] [main/DEBUG] [net.minecraftforge.registries.GameData/REGISTRIES]: Applying holder lookups: minecraft:worldgen/biome_source
[194月2026 18:57:30.112] [main/DEBUG] [net.minecraftforge.registries.GameData/REGISTRIES]: Holder lookups applied: minecraft:worldgen/biome_source
[194月2026 18:57:30.112] [main/DEBUG] [net.minecraftforge.registries.GameData/REGISTRIES]: Applying holder lookups: minecraft:worldgen/chunk_generator
[194月2026 18:57:30.112] [main/DEBUG] [net.minecraftforge.registries.GameData/REGISTRIES]: Holder lookups applied: minecraft:worldgen/chunk_generator
[194月2026 18:57:30.112] [main/DEBUG] [net.minecraftforge.registries.GameData/REGISTRIES]: Applying holder lookups: minecraft:worldgen/material_condition
[194月2026 18:57:30.112] [main/DEBUG] [net.minecraftforge.registries.GameData/REGISTRIES]: Holder lookups applied: minecraft:worldgen/material_condition
[194月2026 18:57:30.112] [main/DEBUG] [net.minecraftforge.registries.GameData/REGISTRIES]: Applying holder lookups: minecraft:worldgen/material_rule
[194月2026 18:57:30.112] [main/DEBUG] [net.minecraftforge.registries.GameData/REGISTRIES]: Holder lookups applied: minecraft:worldgen/material_rule
[194月2026 18:57:30.112] [main/DEBUG] [net.minecraftforge.registries.GameData/REGISTRIES]: Applying holder lookups: minecraft:worldgen/density_function_type
[194月2026 18:57:30.112] [main/DEBUG] [net.minecraftforge.registries.GameData/REGISTRIES]: Holder lookups applied: minecraft:worldgen/density_function_type
[194月2026 18:57:30.112] [main/DEBUG] [net.minecraftforge.registries.GameData/REGISTRIES]: Applying holder lookups: minecraft:worldgen/structure_pool_element
[194月2026 18:57:30.112] [main/DEBUG] [net.minecraftforge.registries.GameData/REGISTRIES]: Holder lookups applied: minecraft:worldgen/structure_pool_element
[194月2026 18:57:30.112] [main/DEBUG] [net.minecraftforge.registries.GameData/REGISTRIES]: Applying holder lookups: minecraft:cat_variant
[194月2026 18:57:30.112] [main/DEBUG] [net.minecraftforge.registries.GameData/REGISTRIES]: Holder lookups applied: minecraft:cat_variant
[194月2026 18:57:30.112] [main/DEBUG] [net.minecraftforge.registries.GameData/REGISTRIES]: Applying holder lookups: minecraft:frog_variant
[194月2026 18:57:30.112] [main/DEBUG] [net.minecraftforge.registries.GameData/REGISTRIES]: Holder lookups applied: minecraft:frog_variant
[194月2026 18:57:30.112] [main/DEBUG] [net.minecraftforge.registries.GameData/REGISTRIES]: Applying holder lookups: minecraft:banner_pattern
[194月2026 18:57:30.112] [main/DEBUG] [net.minecraftforge.registries.GameData/REGISTRIES]: Holder lookups applied: minecraft:banner_pattern
[194月2026 18:57:30.112] [main/DEBUG] [net.minecraftforge.registries.GameData/REGISTRIES]: Applying holder lookups: minecraft:instrument
[194月2026 18:57:30.112] [main/DEBUG] [net.minecraftforge.registries.GameData/REGISTRIES]: Holder lookups applied: minecraft:instrument
[194月2026 18:57:30.112] [main/DEBUG] [net.minecraftforge.registries.GameData/REGISTRIES]: Applying holder lookups: minecraft:decorated_pot_patterns
[194月2026 18:57:30.112] [main/DEBUG] [net.minecraftforge.registries.GameData/REGISTRIES]: Holder lookups applied: minecraft:decorated_pot_patterns
[194月2026 18:57:30.112] [main/DEBUG] [com.tterrag.registrate.AbstractRegistrate/REGISTRATE.REGISTER]: (l2library) Registering 3 known objects of type minecraft:creative_mode_tab
[194月2026 18:57:30.112] [main/DEBUG] [com.tterrag.registrate.AbstractRegistrate/REGISTRATE.REGISTER]: Registered l2library:enchantments_low to registry minecraft:creative_mode_tab
[194月2026 18:57:30.112] [main/DEBUG] [com.tterrag.registrate.AbstractRegistrate/REGISTRATE.REGISTER]: Registered l2library:enchantments_max to registry minecraft:creative_mode_tab
[194月2026 18:57:30.112] [main/DEBUG] [com.tterrag.registrate.AbstractRegistrate/REGISTRATE.REGISTER]: Registered l2library:l2complements to registry minecraft:creative_mode_tab
[194月2026 18:57:30.112] [main/DEBUG] [net.minecraftforge.registries.GameData/REGISTRIES]: Applying holder lookups: minecraft:creative_mode_tab
[194月2026 18:57:30.112] [main/DEBUG] [net.minecraftforge.registries.GameData/REGISTRIES]: Holder lookups applied: minecraft:creative_mode_tab
[194月2026 18:57:30.127] [main/DEBUG] [net.minecraftforge.registries.GameData/REGISTRIES]: Applying holder lookups: forge:biome_modifier_serializers
[194月2026 18:57:30.127] [main/DEBUG] [net.minecraftforge.registries.GameData/REGISTRIES]: Holder lookups applied: forge:biome_modifier_serializers
[194月2026 18:57:30.129] [main/DEBUG] [net.minecraftforge.registries.GameData/REGISTRIES]: Applying holder lookups: forge:display_contexts
[194月2026 18:57:30.129] [main/DEBUG] [net.minecraftforge.registries.GameData/REGISTRIES]: Holder lookups applied: forge:display_contexts
[194月2026 18:57:30.129] [main/DEBUG] [net.minecraftforge.registries.GameData/REGISTRIES]: Applying holder lookups: forge:entity_data_serializers
[194月2026 18:57:30.129] [main/DEBUG] [net.minecraftforge.registries.GameData/REGISTRIES]: Holder lookups applied: forge:entity_data_serializers
[194月2026 18:57:30.129] [main/DEBUG] [net.minecraftforge.registries.GameData/REGISTRIES]: Applying holder lookups: forge:fluid_type
[194月2026 18:57:30.129] [main/DEBUG] [net.minecraftforge.registries.GameData/REGISTRIES]: Holder lookups applied: forge:fluid_type
[194月2026 18:57:30.129] [main/DEBUG] [net.minecraftforge.registries.GameData/REGISTRIES]: Applying holder lookups: forge:global_loot_modifier_serializers
[194月2026 18:57:30.129] [main/DEBUG] [net.minecraftforge.registries.GameData/REGISTRIES]: Holder lookups applied: forge:global_loot_modifier_serializers
[194月2026 18:57:30.143] [main/DEBUG] [net.minecraftforge.registries.GameData/REGISTRIES]: Applying holder lookups: forge:holder_set_type
[194月2026 18:57:30.143] [main/DEBUG] [net.minecraftforge.registries.GameData/REGISTRIES]: Holder lookups applied: forge:holder_set_type
[194月2026 18:57:30.143] [main/DEBUG] [net.minecraftforge.registries.GameData/REGISTRIES]: Applying holder lookups: forge:structure_modifier_serializers
[194月2026 18:57:30.143] [main/DEBUG] [net.minecraftforge.registries.GameData/REGISTRIES]: Holder lookups applied: forge:structure_modifier_serializers
[194月2026 18:57:30.143] [main/DEBUG] [net.minecraftforge.registries.GameData/REGISTRIES]: Applying holder lookups: irons_spellbooks:schools
[194月2026 18:57:30.143] [main/DEBUG] [net.minecraftforge.registries.GameData/REGISTRIES]: Holder lookups applied: irons_spellbooks:schools
[194月2026 18:57:30.151] [main/DEBUG] [net.minecraftforge.registries.GameData/REGISTRIES]: Applying holder lookups: irons_spellbooks:spells
[194月2026 18:57:30.151] [main/DEBUG] [net.minecraftforge.registries.GameData/REGISTRIES]: Holder lookups applied: irons_spellbooks:spells
[194月2026 18:57:30.151] [main/DEBUG] [com.tterrag.registrate.AbstractRegistrate/REGISTRATE.REGISTER]: (l2screentracker) Registering 3 known objects of type l2screentracker:item_source
[194月2026 18:57:30.151] [main/DEBUG] [com.tterrag.registrate.AbstractRegistrate/REGISTRATE.REGISTER]: Registered l2screentracker:inventory to registry l2screentracker:item_source
[194月2026 18:57:30.151] [main/DEBUG] [com.tterrag.registrate.AbstractRegistrate/REGISTRATE.REGISTER]: Registered l2screentracker:ender to registry l2screentracker:item_source
[194月2026 18:57:30.151] [main/DEBUG] [com.tterrag.registrate.AbstractRegistrate/REGISTRATE.REGISTER]: Registered l2screentracker:curios to registry l2screentracker:item_source
[194月2026 18:57:30.151] [main/DEBUG] [net.minecraftforge.registries.GameData/REGISTRIES]: Applying holder lookups: l2screentracker:item_source
[194月2026 18:57:30.151] [main/DEBUG] [net.minecraftforge.registries.GameData/REGISTRIES]: Holder lookups applied: l2screentracker:item_source
[194月2026 18:57:30.151] [main/DEBUG] [com.tterrag.registrate.AbstractRegistrate/REGISTRATE.REGISTER]: (l2screentracker) Registering 6 known objects of type l2screentracker:tracked_entry_type
[194月2026 18:57:30.151] [main/DEBUG] [com.tterrag.registrate.AbstractRegistrate/REGISTRATE.REGISTER]: Registered l2screentracker:inventory to registry l2screentracker:tracked_entry_type
[194月2026 18:57:30.151] [main/DEBUG] [com.tterrag.registrate.AbstractRegistrate/REGISTRATE.REGISTER]: Registered l2screentracker:ender to registry l2screentracker:tracked_entry_type
[194月2026 18:57:30.151] [main/DEBUG] [com.tterrag.registrate.AbstractRegistrate/REGISTRATE.REGISTER]: Registered l2screentracker:quick_access to registry l2screentracker:tracked_entry_type
[194月2026 18:57:30.151] [main/DEBUG] [com.tterrag.registrate.AbstractRegistrate/REGISTRATE.REGISTER]: Registered l2screentracker:menu_provider to registry l2screentracker:tracked_entry_type
[194月2026 18:57:30.151] [main/DEBUG] [com.tterrag.registrate.AbstractRegistrate/REGISTRATE.REGISTER]: Registered l2screentracker:curios_inv to registry l2screentracker:tracked_entry_type
[194月2026 18:57:30.151] [main/DEBUG] [com.tterrag.registrate.AbstractRegistrate/REGISTRATE.REGISTER]: Registered l2screentracker:curios_tab to registry l2screentracker:tracked_entry_type
[194月2026 18:57:30.151] [main/DEBUG] [net.minecraftforge.registries.GameData/REGISTRIES]: Applying holder lookups: l2screentracker:tracked_entry_type
[194月2026 18:57:30.151] [main/DEBUG] [net.minecraftforge.registries.GameData/REGISTRIES]: Holder lookups applied: l2screentracker:tracked_entry_type
[194月2026 18:57:30.151] [main/DEBUG] [net.minecraftforge.registries.GameData/REGISTRIES]: Applying holder lookups: minecraft:worldgen/biome
[194月2026 18:57:30.151] [main/DEBUG] [net.minecraftforge.registries.GameData/REGISTRIES]: Holder lookups applied: minecraft:worldgen/biome
[194月2026 18:57:30.286] [main/WARN] [net.minecraft.server.packs.VanillaPackResourcesBuilder/]: Assets URL 'union:/C:/Users/tungs/.gradle/caches/forge_gradle/minecraft_user_repo/net/minecraftforge/forge/1.20.1-47.3.10_mapped_official_1.20.1/forge-1.20.1-47.3.10_mapped_official_1.20.1-recomp.jar%23191!/assets/.mcassetsroot' uses unexpected schema
[194月2026 18:57:30.286] [main/WARN] [net.minecraft.server.packs.VanillaPackResourcesBuilder/]: Assets URL 'union:/C:/Users/tungs/.gradle/caches/forge_gradle/minecraft_user_repo/net/minecraftforge/forge/1.20.1-47.3.10_mapped_official_1.20.1/forge-1.20.1-47.3.10_mapped_official_1.20.1-recomp.jar%23191!/data/.mcassetsroot' uses unexpected schema
[194月2026 18:57:30.364] [main/DEBUG] [com.tterrag.registrate.providers.RegistrateDataProvider/REGISTRATE.DATA]: Gathering providers for sides: [CLIENT, SERVER]
[194月2026 18:57:30.364] [main/DEBUG] [com.tterrag.registrate.providers.RegistrateDataProvider/REGISTRATE.DATA]: Adding provider for type: recipe
[194月2026 18:57:30.364] [main/DEBUG] [com.tterrag.registrate.providers.RegistrateDataProvider/REGISTRATE.DATA]: Adding provider for type: advancement
[194月2026 18:57:30.401] [main/DEBUG] [com.tterrag.registrate.providers.RegistrateDataProvider/REGISTRATE.DATA]: Adding provider for type: loot
[194月2026 18:57:30.401] [main/DEBUG] [com.tterrag.registrate.providers.RegistrateDataProvider/REGISTRATE.DATA]: Adding provider for type: tags/block
[194月2026 18:57:30.401] [main/DEBUG] [com.tterrag.registrate.providers.RegistrateDataProvider/REGISTRATE.DATA]: Adding provider for type: tags/item
[194月2026 18:57:30.411] [main/DEBUG] [com.tterrag.registrate.providers.RegistrateDataProvider/REGISTRATE.DATA]: Adding provider for type: tags/fluid
[194月2026 18:57:30.411] [main/DEBUG] [com.tterrag.registrate.providers.RegistrateDataProvider/REGISTRATE.DATA]: Adding provider for type: tags/entity
[194月2026 18:57:30.413] [main/DEBUG] [com.tterrag.registrate.providers.RegistrateDataProvider/REGISTRATE.DATA]: Adding provider for type: registrate_generic_server_provider
[194月2026 18:57:30.415] [main/DEBUG] [com.tterrag.registrate.providers.RegistrateDataProvider/REGISTRATE.DATA]: Adding provider for type: blockstate
[194月2026 18:57:30.415] [main/DEBUG] [com.tterrag.registrate.providers.RegistrateDataProvider/REGISTRATE.DATA]: Adding provider for type: item_model
[194月2026 18:57:30.415] [main/DEBUG] [com.tterrag.registrate.providers.RegistrateDataProvider/REGISTRATE.DATA]: Adding provider for type: lang
[194月2026 18:57:30.415] [main/DEBUG] [com.tterrag.registrate.providers.RegistrateDataProvider/REGISTRATE.DATA]: Adding provider for type: registrate_generic_client_provider
[194月2026 18:57:30.415] [main/DEBUG] [com.tterrag.registrate.providers.RegistrateDataProvider/REGISTRATE.DATA]: Adding provider for type: tags/mob_effect
[194月2026 18:57:30.415] [main/DEBUG] [com.tterrag.registrate.providers.RegistrateDataProvider/REGISTRATE.DATA]: Gathering providers for sides: [CLIENT, SERVER]
[194月2026 18:57:30.415] [main/DEBUG] [com.tterrag.registrate.providers.RegistrateDataProvider/REGISTRATE.DATA]: Adding provider for type: recipe
[194月2026 18:57:30.415] [main/DEBUG] [com.tterrag.registrate.providers.RegistrateDataProvider/REGISTRATE.DATA]: Adding provider for type: advancement
[194月2026 18:57:30.415] [main/DEBUG] [com.tterrag.registrate.providers.RegistrateDataProvider/REGISTRATE.DATA]: Adding provider for type: loot
[194月2026 18:57:30.415] [main/DEBUG] [com.tterrag.registrate.providers.RegistrateDataProvider/REGISTRATE.DATA]: Adding provider for type: tags/block
[194月2026 18:57:30.415] [main/DEBUG] [com.tterrag.registrate.providers.RegistrateDataProvider/REGISTRATE.DATA]: Adding provider for type: tags/item
[194月2026 18:57:30.415] [main/DEBUG] [com.tterrag.registrate.providers.RegistrateDataProvider/REGISTRATE.DATA]: Adding provider for type: tags/fluid
[194月2026 18:57:30.415] [main/DEBUG] [com.tterrag.registrate.providers.RegistrateDataProvider/REGISTRATE.DATA]: Adding provider for type: tags/entity
[194月2026 18:57:30.415] [main/DEBUG] [com.tterrag.registrate.providers.RegistrateDataProvider/REGISTRATE.DATA]: Adding provider for type: registrate_generic_server_provider
[194月2026 18:57:30.415] [main/DEBUG] [com.tterrag.registrate.providers.RegistrateDataProvider/REGISTRATE.DATA]: Adding provider for type: blockstate
[194月2026 18:57:30.415] [main/DEBUG] [com.tterrag.registrate.providers.RegistrateDataProvider/REGISTRATE.DATA]: Adding provider for type: item_model
[194月2026 18:57:30.415] [main/DEBUG] [com.tterrag.registrate.providers.RegistrateDataProvider/REGISTRATE.DATA]: Adding provider for type: lang
[194月2026 18:57:30.415] [main/DEBUG] [com.tterrag.registrate.providers.RegistrateDataProvider/REGISTRATE.DATA]: Adding provider for type: registrate_generic_client_provider
[194月2026 18:57:30.415] [main/DEBUG] [com.tterrag.registrate.providers.RegistrateDataProvider/REGISTRATE.DATA]: Adding provider for type: tags/mob_effect
[194月2026 18:57:30.415] [main/DEBUG] [com.tterrag.registrate.providers.RegistrateDataProvider/REGISTRATE.DATA]: Gathering providers for sides: [CLIENT, SERVER]
[194月2026 18:57:30.415] [main/DEBUG] [com.tterrag.registrate.providers.RegistrateDataProvider/REGISTRATE.DATA]: Adding provider for type: recipe
[194月2026 18:57:30.415] [main/DEBUG] [com.tterrag.registrate.providers.RegistrateDataProvider/REGISTRATE.DATA]: Adding provider for type: advancement
[194月2026 18:57:30.415] [main/DEBUG] [com.tterrag.registrate.providers.RegistrateDataProvider/REGISTRATE.DATA]: Adding provider for type: loot
[194月2026 18:57:30.415] [main/DEBUG] [com.tterrag.registrate.providers.RegistrateDataProvider/REGISTRATE.DATA]: Adding provider for type: tags/block
[194月2026 18:57:30.415] [main/DEBUG] [com.tterrag.registrate.providers.RegistrateDataProvider/REGISTRATE.DATA]: Adding provider for type: tags/item
[194月2026 18:57:30.415] [main/DEBUG] [com.tterrag.registrate.providers.RegistrateDataProvider/REGISTRATE.DATA]: Adding provider for type: tags/fluid
[194月2026 18:57:30.415] [main/DEBUG] [com.tterrag.registrate.providers.RegistrateDataProvider/REGISTRATE.DATA]: Adding provider for type: tags/entity
[194月2026 18:57:30.415] [main/DEBUG] [com.tterrag.registrate.providers.RegistrateDataProvider/REGISTRATE.DATA]: Adding provider for type: registrate_generic_server_provider
[194月2026 18:57:30.415] [main/DEBUG] [com.tterrag.registrate.providers.RegistrateDataProvider/REGISTRATE.DATA]: Adding provider for type: blockstate
[194月2026 18:57:30.415] [main/DEBUG] [com.tterrag.registrate.providers.RegistrateDataProvider/REGISTRATE.DATA]: Adding provider for type: item_model
[194月2026 18:57:30.415] [main/DEBUG] [com.tterrag.registrate.providers.RegistrateDataProvider/REGISTRATE.DATA]: Adding provider for type: lang
[194月2026 18:57:30.415] [main/DEBUG] [com.tterrag.registrate.providers.RegistrateDataProvider/REGISTRATE.DATA]: Adding provider for type: registrate_generic_client_provider
[194月2026 18:57:30.415] [main/DEBUG] [com.tterrag.registrate.providers.RegistrateDataProvider/REGISTRATE.DATA]: Adding provider for type: tags/mob_effect
[194月2026 18:57:30.415] [main/DEBUG] [com.tterrag.registrate.providers.RegistrateDataProvider/REGISTRATE.DATA]: Gathering providers for sides: [CLIENT, SERVER]
[194月2026 18:57:30.415] [main/DEBUG] [com.tterrag.registrate.providers.RegistrateDataProvider/REGISTRATE.DATA]: Adding provider for type: recipe
[194月2026 18:57:30.415] [main/DEBUG] [com.tterrag.registrate.providers.RegistrateDataProvider/REGISTRATE.DATA]: Adding provider for type: advancement
[194月2026 18:57:30.415] [main/DEBUG] [com.tterrag.registrate.providers.RegistrateDataProvider/REGISTRATE.DATA]: Adding provider for type: loot
[194月2026 18:57:30.415] [main/DEBUG] [com.tterrag.registrate.providers.RegistrateDataProvider/REGISTRATE.DATA]: Adding provider for type: tags/block
[194月2026 18:57:30.415] [main/DEBUG] [com.tterrag.registrate.providers.RegistrateDataProvider/REGISTRATE.DATA]: Adding provider for type: tags/item
[194月2026 18:57:30.415] [main/DEBUG] [com.tterrag.registrate.providers.RegistrateDataProvider/REGISTRATE.DATA]: Adding provider for type: tags/fluid
[194月2026 18:57:30.415] [main/DEBUG] [com.tterrag.registrate.providers.RegistrateDataProvider/REGISTRATE.DATA]: Adding provider for type: tags/entity
[194月2026 18:57:30.415] [main/DEBUG] [com.tterrag.registrate.providers.RegistrateDataProvider/REGISTRATE.DATA]: Adding provider for type: registrate_generic_server_provider
[194月2026 18:57:30.415] [main/DEBUG] [com.tterrag.registrate.providers.RegistrateDataProvider/REGISTRATE.DATA]: Adding provider for type: blockstate
[194月2026 18:57:30.415] [main/DEBUG] [com.tterrag.registrate.providers.RegistrateDataProvider/REGISTRATE.DATA]: Adding provider for type: item_model
[194月2026 18:57:30.415] [main/DEBUG] [com.tterrag.registrate.providers.RegistrateDataProvider/REGISTRATE.DATA]: Adding provider for type: lang
[194月2026 18:57:30.415] [main/DEBUG] [com.tterrag.registrate.providers.RegistrateDataProvider/REGISTRATE.DATA]: Adding provider for type: registrate_generic_client_provider
[194月2026 18:57:30.415] [main/DEBUG] [com.tterrag.registrate.providers.RegistrateDataProvider/REGISTRATE.DATA]: Adding provider for type: tags/mob_effect
[194月2026 18:57:30.415] [main/DEBUG] [com.tterrag.registrate.providers.RegistrateDataProvider/REGISTRATE.DATA]: Gathering providers for sides: [CLIENT, SERVER]
[194月2026 18:57:30.415] [main/DEBUG] [com.tterrag.registrate.providers.RegistrateDataProvider/REGISTRATE.DATA]: Adding provider for type: recipe
[194月2026 18:57:30.415] [main/DEBUG] [com.tterrag.registrate.providers.RegistrateDataProvider/REGISTRATE.DATA]: Adding provider for type: advancement
[194月2026 18:57:30.415] [main/DEBUG] [com.tterrag.registrate.providers.RegistrateDataProvider/REGISTRATE.DATA]: Adding provider for type: loot
[194月2026 18:57:30.415] [main/DEBUG] [com.tterrag.registrate.providers.RegistrateDataProvider/REGISTRATE.DATA]: Adding provider for type: tags/block
[194月2026 18:57:30.415] [main/DEBUG] [com.tterrag.registrate.providers.RegistrateDataProvider/REGISTRATE.DATA]: Adding provider for type: tags/item
[194月2026 18:57:30.415] [main/DEBUG] [com.tterrag.registrate.providers.RegistrateDataProvider/REGISTRATE.DATA]: Adding provider for type: tags/fluid
[194月2026 18:57:30.415] [main/DEBUG] [com.tterrag.registrate.providers.RegistrateDataProvider/REGISTRATE.DATA]: Adding provider for type: tags/entity
[194月2026 18:57:30.415] [main/DEBUG] [com.tterrag.registrate.providers.RegistrateDataProvider/REGISTRATE.DATA]: Adding provider for type: registrate_generic_server_provider
[194月2026 18:57:30.415] [main/DEBUG] [com.tterrag.registrate.providers.RegistrateDataProvider/REGISTRATE.DATA]: Adding provider for type: blockstate
[194月2026 18:57:30.415] [main/DEBUG] [com.tterrag.registrate.providers.RegistrateDataProvider/REGISTRATE.DATA]: Adding provider for type: item_model
[194月2026 18:57:30.415] [main/DEBUG] [com.tterrag.registrate.providers.RegistrateDataProvider/REGISTRATE.DATA]: Adding provider for type: lang
[194月2026 18:57:30.415] [main/DEBUG] [com.tterrag.registrate.providers.RegistrateDataProvider/REGISTRATE.DATA]: Adding provider for type: registrate_generic_client_provider
[194月2026 18:57:30.415] [main/DEBUG] [com.tterrag.registrate.providers.RegistrateDataProvider/REGISTRATE.DATA]: Adding provider for type: tags/mob_effect
[194月2026 18:57:30.468] [main/DEBUG] [com.tterrag.registrate.providers.RegistrateDataProvider/REGISTRATE.DATA]: Gathering providers for sides: [CLIENT, SERVER]
[194月2026 18:57:30.468] [main/DEBUG] [com.tterrag.registrate.providers.RegistrateDataProvider/REGISTRATE.DATA]: Adding provider for type: recipe
[194月2026 18:57:30.468] [main/DEBUG] [com.tterrag.registrate.providers.RegistrateDataProvider/REGISTRATE.DATA]: Adding provider for type: advancement
[194月2026 18:57:30.468] [main/DEBUG] [com.tterrag.registrate.providers.RegistrateDataProvider/REGISTRATE.DATA]: Adding provider for type: loot
[194月2026 18:57:30.468] [main/DEBUG] [com.tterrag.registrate.providers.RegistrateDataProvider/REGISTRATE.DATA]: Adding provider for type: tags/block
[194月2026 18:57:30.468] [main/DEBUG] [com.tterrag.registrate.providers.RegistrateDataProvider/REGISTRATE.DATA]: Adding provider for type: tags/item
[194月2026 18:57:30.468] [main/DEBUG] [com.tterrag.registrate.providers.RegistrateDataProvider/REGISTRATE.DATA]: Adding provider for type: tags/fluid
[194月2026 18:57:30.468] [main/DEBUG] [com.tterrag.registrate.providers.RegistrateDataProvider/REGISTRATE.DATA]: Adding provider for type: tags/entity
[194月2026 18:57:30.468] [main/DEBUG] [com.tterrag.registrate.providers.RegistrateDataProvider/REGISTRATE.DATA]: Adding provider for type: registrate_generic_server_provider
[194月2026 18:57:30.468] [main/DEBUG] [com.tterrag.registrate.providers.RegistrateDataProvider/REGISTRATE.DATA]: Adding provider for type: blockstate
[194月2026 18:57:30.468] [main/DEBUG] [com.tterrag.registrate.providers.RegistrateDataProvider/REGISTRATE.DATA]: Adding provider for type: item_model
[194月2026 18:57:30.468] [main/DEBUG] [com.tterrag.registrate.providers.RegistrateDataProvider/REGISTRATE.DATA]: Adding provider for type: lang
[194月2026 18:57:30.468] [main/DEBUG] [com.tterrag.registrate.providers.RegistrateDataProvider/REGISTRATE.DATA]: Adding provider for type: registrate_generic_client_provider
[194月2026 18:57:30.468] [main/DEBUG] [com.tterrag.registrate.providers.RegistrateDataProvider/REGISTRATE.DATA]: Adding provider for type: tags/mob_effect
[194月2026 18:57:30.484] [main/INFO] [net.minecraft.data.DataGenerator/]: Starting provider: Recipes
[194月2026 18:57:30.489] [main/DEBUG] [mixin/]: Mixing MixinNbtPredicate from curios.mixins.json into net.minecraft.advancements.critereon.NbtPredicate
[194月2026 18:57:30.556] [main/INFO] [net.minecraft.data.DataGenerator/]: Recipes finished after 71 ms
[194月2026 18:57:30.556] [main/INFO] [net.minecraft.data.DataGenerator/]: Starting provider: Loot Tables
[194月2026 18:57:30.612] [main/INFO] [net.minecraft.data.DataGenerator/]: Loot Tables finished after 59 ms
[194月2026 18:57:30.612] [main/INFO] [net.minecraft.data.DataGenerator/]: Starting provider: Item Models: osmiumsmagic
[194月2026 18:57:30.644] [main/INFO] [net.minecraft.data.DataGenerator/]: Item Models: osmiumsmagic finished after 26 ms
[194月2026 18:57:30.644] [main/INFO] [net.minecraft.data.DataGenerator/]: Starting provider: Languages: en_us
[194月2026 18:57:30.644] [main/INFO] [net.minecraft.data.DataGenerator/]: Languages: en_us finished after 1 ms
[194月2026 18:57:30.644] [main/INFO] [net.minecraft.data.DataGenerator/]: Starting provider: Languages: ja_jp
[194月2026 18:57:30.644] [main/INFO] [net.minecraft.data.DataGenerator/]: Languages: ja_jp finished after 1 ms
[194月2026 18:57:30.644] [main/INFO] [net.minecraft.data.DataGenerator/]: Starting provider: Tags for minecraft:block mod id osmiumsmagic
[194月2026 18:57:30.651] [main/INFO] [net.minecraft.data.DataGenerator/]: Tags for minecraft:block mod id osmiumsmagic finished after 11 ms
[194月2026 18:57:30.651] [main/INFO] [net.minecraft.data.DataGenerator/]: Starting provider: Tags for minecraft:item mod id osmiumsmagic
[194月2026 18:57:30.659] [main/INFO] [net.minecraft.data.DataGenerator/]: Tags for minecraft:item mod id osmiumsmagic finished after 1 ms
[194月2026 18:57:30.659] [main/INFO] [net.minecraft.data.DataGenerator/]: Starting provider: Registries
[194月2026 18:57:30.663] [main/INFO] [net.minecraft.data.DataGenerator/]: Registries finished after 4 ms
[194月2026 18:57:30.663] [main/INFO] [net.minecraft.data.DataGenerator/]: Starting provider: Tags for minecraft:damage_type mod id osmiumsmagic
[194月2026 18:57:30.663] [main/INFO] [net.minecraft.data.DataGenerator/]: Tags for minecraft:damage_type mod id osmiumsmagic finished after 0 ms
[194月2026 18:57:30.663] [main/INFO] [net.minecraft.data.DataGenerator/]: All providers took: 182 ms
[194月2026 18:57:30.676] [main/INFO] [net.minecraft.data.HashCache/]: Caching: total files: 82, old count: 82, new count: 83, removed stale: 0, written: 2
